PRAGMA foreign_keys=ON;

insert into Hospital (name, region, openingDate, address) values ('Schiller-Maggio', 'Norte', '1971-11-01 03:38:42', '20 Cordelia Place');
insert into Hospital (name, region, openingDate, address) values ('Nader-Ryan', 'Madeira', '1998-07-11 21:16:15', '10 Crownhardt Center');
insert into Hospital (name, region, openingDate, address) values ('Deckow-Jenkins', 'Centro', '1973-08-16 07:29:28', '5 Holy Cross Junction');
insert into Hospital (name, region, openingDate, address) values ('Morissette, Auer and Hackett', 'Algarve', '2011-12-17 03:39:48', '5 Forest Way');
insert into Hospital (name, region, openingDate, address) values ('Farrell Group', 'Açores', '1996-10-06 21:26:23', '911 Dottie Circle');
insert into Hospital (name, region, openingDate, address) values ('Muller-Schulist', 'Lisboa e Vale do Tejo', '1972-03-21 06:01:24', '9 Fieldstone Circle');

insert into Person (cc, name, birthDate) values (20289661, 'Clo Kealy', '2005-08-31 19:38:33');
insert into Person (cc, name, birthDate) values (53212792, 'Honey Idiens', '1999-11-18 08:17:29');
insert into Person (cc, name, birthDate) values (11442972, 'Herbie Denge', '2019-11-06 17:05:01');
insert into Person (cc, name, birthDate) values (16320204, 'Clo Hebbard', '1977-05-11 02:30:36');
insert into Person (cc, name, birthDate) values (42556665, 'Lyda Timperley', '1995-06-07 20:00:04');
insert into Person (cc, name, birthDate) values (11969601, 'Marice Wass', '2002-04-12 07:01:59');
insert into Person (cc, name, birthDate) values (12449325, 'Jessika Dodgshun', '2013-05-17 10:52:17');
insert into Person (cc, name, birthDate) values (29609993, 'Baily Rouby', '1997-07-28 10:43:48');
insert into Person (cc, name, birthDate) values (85324786, 'Gamaliel Dearan', '2007-05-19 16:20:57');
insert into Person (cc, name, birthDate) values (63330376, 'Arielle Lambell', '1973-10-30 19:24:02');
insert into Person (cc, name, birthDate) values (46744450, 'Kassi Sprigings', '1970-12-24 18:48:14');
insert into Person (cc, name, birthDate) values (48451611, 'Lucias Krauss', '2006-07-28 04:11:34');
insert into Person (cc, name, birthDate) values (80957540, 'Mitchell Nevill', '1985-10-24 12:28:12');
insert into Person (cc, name, birthDate) values (62603422, 'Rockwell Leveridge', '1996-08-10 10:13:59');
insert into Person (cc, name, birthDate) values (63416674, 'Noel Rimbault', '1970-07-26 12:48:55');
insert into Person (cc, name, birthDate) values (59884274, 'Rosco Walsh', '1991-06-27 20:39:46');
insert into Person (cc, name, birthDate) values (25414083, 'Gareth Vidyapin', '1994-06-15 22:16:49');
insert into Person (cc, name, birthDate) values (25350004, 'Cymbre Mebes', '1993-02-18 05:52:51');
insert into Person (cc, name, birthDate) values (46519968, 'Leda Soper', '1973-02-17 03:46:37');
insert into Person (cc, name, birthDate) values (72863648, 'Dedie Whales', '2014-04-09 01:10:45');
insert into Person (cc, name, birthDate) values (63400671, 'Eustace Charnley', '1990-10-14 13:56:06');
insert into Person (cc, name, birthDate) values (39999088, 'Claudine Sleeman', '2001-06-19 00:08:05');
insert into Person (cc, name, birthDate) values (60745115, 'Imelda Borborough', '1977-01-07 18:09:01');
insert into Person (cc, name, birthDate) values (89035321, 'Saleem Fierman', '2008-02-03 22:09:39');
insert into Person (cc, name, birthDate) values (51236915, 'Reinald Graine', '2009-08-07 01:48:35');
insert into Person (cc, name, birthDate) values (55749253, 'Diena Machin', '1984-08-09 02:58:38');
insert into Person (cc, name, birthDate) values (55164585, 'Shelbi Breukelman', '1994-07-18 22:47:56');
insert into Person (cc, name, birthDate) values (11600891, 'Free Really', '2021-02-21 21:22:12');
insert into Person (cc, name, birthDate) values (61332834, 'Bobbette Endricci', '1982-05-13 17:37:44');
insert into Person (cc, name, birthDate) values (61217883, 'Dorita Amberger', '1998-09-18 23:37:44');
insert into Person (cc, name, birthDate) values (66567575, 'Chelsy Whorton', '1970-10-28 07:32:26');
insert into Person (cc, name, birthDate) values (22783934, 'Gavrielle Balser', '1979-07-29 16:11:17');
insert into Person (cc, name, birthDate) values (96478882, 'Sybilla Pattisson', '1981-10-01 19:41:07');
insert into Person (cc, name, birthDate) values (41669519, 'Cleavland Tomkin', '2004-03-28 00:12:49');
insert into Person (cc, name, birthDate) values (28764413, 'Zebadiah Kime', '2018-10-15 21:16:14');
insert into Person (cc, name, birthDate) values (82752236, 'Chic Sager', '2011-04-10 07:11:11');
insert into Person (cc, name, birthDate) values (46641929, 'Shellie Schwant', '1984-12-14 21:15:31');
insert into Person (cc, name, birthDate) values (47307930, 'Darcy Carruth', '1992-02-23 08:38:10');
insert into Person (cc, name, birthDate) values (96565471, 'Lavina Volette', '1977-10-09 12:08:06');
insert into Person (cc, name, birthDate) values (79224890, 'Abigale Willimot', '1986-10-26 22:09:10');
insert into Person (cc, name, birthDate) values (93288105, 'Kalinda McCarle', '2004-03-24 02:55:27');
insert into Person (cc, name, birthDate) values (16670756, 'Dyan Haswell', '2002-02-16 11:50:40');
insert into Person (cc, name, birthDate) values (26597547, 'Thorvald Nowak', '1982-07-15 18:32:55');
insert into Person (cc, name, birthDate) values (88131651, 'Kit Lemoir', '2018-10-17 00:23:42');
insert into Person (cc, name, birthDate) values (94372748, 'Deni Haseley', '1990-11-08 07:00:23');
insert into Person (cc, name, birthDate) values (13380693, 'Augustine Mumbeson', '1997-08-25 22:57:59');
insert into Person (cc, name, birthDate) values (44430510, 'Gladys De Wolfe', '2011-07-01 12:57:19');
insert into Person (cc, name, birthDate) values (48936567, 'Flori Janowski', '1981-05-04 07:17:06');
insert into Person (cc, name, birthDate) values (16112684, 'Darby McCheyne', '1988-06-04 00:01:05');
insert into Person (cc, name, birthDate) values (96642458, 'Brett Lyte', '1973-10-26 23:07:16');
insert into Person (cc, name, birthDate) values (10226927, 'Eren Yeager', '2001-03-30 16:36:06');
insert into Person (cc, name, birthDate) values (32669329, 'Zeke Yeager', '1995-08-24 23:30:07');
insert into Person (cc, name, birthDate) values (67258453, 'Son Goku', '2009-05-12 16:19:00');
insert into Person (cc, name, birthDate) values (97289982, 'Naruto Uzumaki', '1995-10-15 14:58:13');
insert into Person (cc, name, birthDate) values (78193499, 'Gon Freecs', '1993-11-04 09:16:08');
insert into Person (cc, name, birthDate) values (18544378, 'Levi Ackerman', '2018-05-17 08:11:04');
insert into Person (cc, name, birthDate) values (74733965, 'Diogo Luas', '2002-02-07 19:22:07');
insert into Person (cc, name, birthDate) values (35069349, 'Phineas Flynn', '1993-11-09 08:08:19');
insert into Person (cc, name, birthDate) values (64552572, 'Ferb Fletcher', '1992-02-08 18:03:54');
insert into Person (cc, name, birthDate) values (21619901, 'Heinz Doofenshmirtz', '2009-12-28 10:19:55');
insert into Person (cc, name, birthDate) values (71210599, 'Miyamura Izumi', '2009-09-14 07:44:42');
insert into Person (cc, name, birthDate) values (16643950, 'Hori Kyouko', '1981-07-23 11:07:07');
insert into Person (cc, name, birthDate) values (57257607, 'Mafalda Vieira', '2000-11-11 08:00:00');
insert into Person (cc, name, birthDate) values (44643933, 'Mikasa Ackerman', '2010-07-21 07:43:34');
insert into Person (cc, name, birthDate) values (95862914, 'Armin Arlert', '1995-10-13 12:24:36');
insert into Person (cc, name, birthDate) values (17404218, 'Reiner Braun', '1978-03-26 09:25:20');
insert into Person (cc, name, birthDate) values (91684577, 'Erwin Smith', '2017-08-23 17:36:58');
insert into Person (cc, name, birthDate) values (80108542, 'Oliver Tsubasa', '1993-12-05 22:58:29');
insert into Person (cc, name, birthDate) values (56497676, 'Keanu Reeves', '1977-12-26 07:55:02');
insert into Person (cc, name, birthDate) values (28339320, 'Chuck Norris', '1997-08-01 22:35:10');
insert into Person (cc, name, birthDate) values (33008447, 'Jackie Chan', '1995-11-13 17:31:32');
insert into Person (cc, name, birthDate) values (30010215, 'Bruce Lee', '2004-06-22 07:11:11');
insert into Person (cc, name, birthDate) values (81467203, 'Steven Seagal', '2016-05-26 17:52:23');
insert into Person (cc, name, birthDate) values (57952589, 'Miyagi Nariyoshi', '1996-10-21 02:43:40');
insert into Person (cc, name, birthDate) values (90293050, 'Tony Stark', '1980-06-07 22:56:25');
insert into Person (cc, name, birthDate) values (44082554, 'Bruce Banner', '1974-08-11 03:58:23');
insert into Person (cc, name, birthDate) values (21744097, 'Peter Parker', '1999-12-28 01:11:17');
insert into Person (cc, name, birthDate) values (15623383, 'Steven Strange', '1999-07-26 22:58:11');
insert into Person (cc, name, birthDate) values (62421857, 'Sherlock Holmes', '1974-12-10 00:59:31');
insert into Person (cc, name, birthDate) values (33114157, 'Bruce Wayne', '2009-09-18 21:09:05');
insert into Person (cc, name, birthDate) values (16785706, 'Geralt of Rivia', '2008-09-07 13:22:35');
insert into Person (cc, name, birthDate) values (22730650, 'José Barbosa', '1975-12-03 18:19:27');
insert into Person (cc, name, birthDate) values (23013972, 'Cordy Reace', '1988-04-24 08:25:51');
insert into Person (cc, name, birthDate) values (83804820, 'Alvin Rice', '2019-11-16 04:40:27');
insert into Person (cc, name, birthDate) values (92275267, 'Artus Axten', '1994-06-25 11:00:43');
insert into Person (cc, name, birthDate) values (49539395, 'Fonsie Quenby', '1979-08-23 01:57:11');
insert into Person (cc, name, birthDate) values (21014334, 'Glynis O''Lenane', '1973-06-05 02:36:19');
insert into Person (cc, name, birthDate) values (98318812, 'Forester Loudwell', '2020-09-29 06:29:40');
insert into Person (cc, name, birthDate) values (56417746, 'Napoleon McCathie', '2004-12-12 13:16:56');
insert into Person (cc, name, birthDate) values (56665880, 'Harriot Gunthorpe', '1991-05-28 14:09:36');
insert into Person (cc, name, birthDate) values (49541323, 'Salvador Rampling', '1992-12-03 06:25:50');
insert into Person (cc, name, birthDate) values (31930709, 'Zacherie Boner', '2006-05-06 08:51:25');
insert into Person (cc, name, birthDate) values (60058126, 'Fitzgerald O'' Bee', '2006-12-12 19:02:33');
insert into Person (cc, name, birthDate) values (17261544, 'Hervey Beetles', '2009-02-25 16:19:02');
insert into Person (cc, name, birthDate) values (77694559, 'Carolina Driuzzi', '1994-05-23 07:34:58');
insert into Person (cc, name, birthDate) values (70087289, 'Ethyl Chesshire', '1976-05-27 08:41:31');
insert into Person (cc, name, birthDate) values (96570562, 'Barty Robens', '1985-04-02 04:51:54');
insert into Person (cc, name, birthDate) values (44398698, 'Elia Rathborne', '1975-02-20 03:28:12');
insert into Person (cc, name, birthDate) values (92971884, 'Daryl Joseland', '2012-05-26 09:36:12');
insert into Person (cc, name, birthDate) values (17791057, 'Chris Maccaig', '2001-01-28 04:29:48');
insert into Person (cc, name, birthDate) values (12938912, 'Drake Ramoray', '2001-01-28 04:29:48');

insert into Patient (cc, insuranceName, healthUserNumber) values (20289661, 'Fliptune', 447204780); 
insert into Patient (cc, insuranceName, healthUserNumber) values (53212792, 'Linkbuzz', 322697248); 
insert into Patient (cc, insuranceName, healthUserNumber) values (11442972, 'Twinder', 740528921); 
insert into Patient (cc, insuranceName, healthUserNumber) values (16320204, 'Eabox', 275372779); 
insert into Patient (cc, insuranceName, healthUserNumber) values (42556665, 'Babbleset', 641762295); 
insert into Patient (cc, insuranceName, healthUserNumber) values (11969601, 'Realmix', 754588955); 
insert into Patient (cc, insuranceName, healthUserNumber) values (12449325, 'Zoomdog', 541463097); 
insert into Patient (cc, insuranceName, healthUserNumber) values (29609993, 'Babbleblab', 106757685); 
insert into Patient (cc, insuranceName, healthUserNumber) values (85324786, 'Tagcat', 502160561); 
insert into Patient (cc, insuranceName, healthUserNumber) values (63330376, 'Voonix', 550964085); 
insert into Patient (cc, insuranceName, healthUserNumber) values (46744450, 'Dazzlesphere', 257009706); 
insert into Patient (cc, insuranceName, healthUserNumber) values (48451611, 'Mita', 346269620); 
insert into Patient (cc, insuranceName, healthUserNumber) values (80957540, 'Eire', 683319926); 
insert into Patient (cc, insuranceName, healthUserNumber) values (62603422, 'Kwilith', 910658843); 
insert into Patient (cc, insuranceName, healthUserNumber) values (63416674, 'Dabjam', 839901353); 
insert into Patient (cc, insuranceName, healthUserNumber) values (59884274, 'Yamia', 994210147); 
insert into Patient (cc, insuranceName, healthUserNumber) values (25414083, 'Lajo', 644896773); 
insert into Patient (cc, insuranceName, healthUserNumber) values (25350004, 'Zoomzone', 123402171); 
insert into Patient (cc, insuranceName, healthUserNumber) values (46519968, 'Twitterlist', 837157836); 
insert into Patient (cc, insuranceName, healthUserNumber) values (72863648, 'Zoovu', 808097865); 
insert into Patient (cc, insuranceName, healthUserNumber) values (63400671, 'Riffpedia', 108934463); 
insert into Patient (cc, insuranceName, healthUserNumber) values (39999088, 'Quatz', 733599426); 
insert into Patient (cc, insuranceName, healthUserNumber) values (60745115, 'Wikivu', 499428954); 
insert into Patient (cc, insuranceName, healthUserNumber) values (89035321, 'Buzzster', 132530173); 
insert into Patient (cc, insuranceName, healthUserNumber) values (51236915, 'Edgeclub', 154812230); 
insert into Patient (cc, insuranceName, healthUserNumber) values (55749253, 'Mydeo', 307344396); 
insert into Patient (cc, insuranceName, healthUserNumber) values (55164585, 'Voolith', 636364304); 
insert into Patient (cc, insuranceName, healthUserNumber) values (11600891, 'Shufflester', 743962110); 
insert into Patient (cc, insuranceName, healthUserNumber) values (61332834, 'Devcast', 620731119); 
insert into Patient (cc, insuranceName, healthUserNumber) values (61217883, 'Skiba', 234863510); 
insert into Patient (cc, insuranceName, healthUserNumber) values (66567575, 'Oozz', 570565084); 
insert into Patient (cc, insuranceName, healthUserNumber) values (22783934, 'Rhynoodle', 615514219); 
insert into Patient (cc, insuranceName, healthUserNumber) values (96478882, 'Flashspan', 825194022); 
insert into Patient (cc, insuranceName, healthUserNumber) values (41669519, 'Kwimbee', 909615929); 
insert into Patient (cc, insuranceName, healthUserNumber) values (28764413, 'Wikibox', 800234053); 
insert into Patient (cc, insuranceName, healthUserNumber) values (82752236, 'Gigabox', 283415410); 
insert into Patient (cc, insuranceName, healthUserNumber) values (46641929, 'Skyba', 137334586); 
insert into Patient (cc, insuranceName, healthUserNumber) values (47307930, 'Divape', 790784165); 
insert into Patient (cc, insuranceName, healthUserNumber) values (96565471, 'Photospace', 835882441); 
insert into Patient (cc, insuranceName, healthUserNumber) values (79224890, 'Roombo', 176167280); 
insert into Patient (cc, insuranceName, healthUserNumber) values (93288105, 'Jamia', 418701869); 
insert into Patient (cc, insuranceName, healthUserNumber) values (16670756, 'Feedfish', 323443799); 
insert into Patient (cc, insuranceName, healthUserNumber) values (26597547, 'Leenti', 845647936); 
insert into Patient (cc, insuranceName, healthUserNumber) values (88131651, 'Riffwire', 844823819); 
insert into Patient (cc, insuranceName, healthUserNumber) values (94372748, 'Meeveo', 147923014); 
insert into Patient (cc, insuranceName, healthUserNumber) values (13380693, 'Zoomcast', 429313439); 
insert into Patient (cc, insuranceName, healthUserNumber) values (44430510, 'Eare', 926939956); 
insert into Patient (cc, insuranceName, healthUserNumber) values (48936567, 'Pixoboo', 341637124); 
insert into Patient (cc, insuranceName, healthUserNumber) values (16112684, 'Thoughtbridge', 266181366); 
insert into Patient (cc, insuranceName, healthUserNumber) values (96642458, 'Twitterlist', 507907773); 
insert into Patient (cc, insuranceName, healthUserNumber) values (10226927, 'Lajo', 258141811); 
insert into Patient (cc, insuranceName, healthUserNumber) values (32669329, 'Yacero', 450697267); 
insert into Patient (cc, insuranceName, healthUserNumber) values (67258453, 'Thoughtstorm', 347182571); 
insert into Patient (cc, insuranceName, healthUserNumber) values (97289982, 'Plajo', 330536483); 
insert into Patient (cc, insuranceName, healthUserNumber) values (78193499, 'Oyope', 549116140); 
insert into Patient (cc, insuranceName, healthUserNumber) values (18544378, 'Wikivu', 437159543); 
insert into Patient (cc, insuranceName, healthUserNumber) values (74733965, 'Shuffledrive', 678110780); 
insert into Patient (cc, insuranceName, healthUserNumber) values (35069349, 'Viva', 636200013); 
insert into Patient (cc, insuranceName, healthUserNumber) values (64552572, 'Quatz', 615892787); 
insert into Patient (cc, insuranceName, healthUserNumber) values (21619901, 'Bubblebox', 261741234); 
insert into Patient (cc, insuranceName, healthUserNumber) values (71210599, 'Latz', 503612339); 
insert into Patient (cc, insuranceName, healthUserNumber) values (16643950, 'Tazz', 833481622); 
insert into Patient (cc, insuranceName, healthUserNumber) values (57257607, 'Photolist', 301027031); 
insert into Patient (cc, insuranceName, healthUserNumber) values (44643933, 'Demizz', 201466989); 
insert into Patient (cc, insuranceName, healthUserNumber) values (95862914, 'Eidel', 197448436); 
insert into Patient (cc, insuranceName, healthUserNumber) values (17404218, 'Realblab', 173670627); 
insert into Patient (cc, insuranceName, healthUserNumber) values (91684577, 'Photobug', 483862479); 
insert into Patient (cc, insuranceName, healthUserNumber) values (80108542, 'Skaboo', 613791805); 
insert into Patient (cc, insuranceName, healthUserNumber) values (56497676, 'Devify', 535029887); 
insert into Patient (cc, insuranceName, healthUserNumber) values (28339320, 'Ooba', 703109492); 
insert into Patient (cc, insuranceName, healthUserNumber) values (33008447, 'Aimbo', 883867697); 
insert into Patient (cc, insuranceName, healthUserNumber) values (30010215, 'Skippad', 372922020); 
insert into Patient (cc, insuranceName, healthUserNumber) values (81467203, 'Gabspot', 649562802); 
insert into Patient (cc, insuranceName, healthUserNumber) values (57952589, 'Blogtags', 551690310); 
insert into Patient (cc, insuranceName, healthUserNumber) values (90293050, 'Feedbug', 238379244); 

insert into HealthProfessional (cc, yearsOfService, baseSalary) values (10226927, 33, 4736);
insert into HealthProfessional (cc, yearsOfService, baseSalary) values (32669329, 12, 1798);
insert into HealthProfessional (cc, yearsOfService, baseSalary) values (67258453, 44, 792);
insert into HealthProfessional (cc, yearsOfService, baseSalary) values (97289982, 21, 4621);
insert into HealthProfessional (cc, yearsOfService, baseSalary) values (78193499, 7, 1394);
insert into HealthProfessional (cc, yearsOfService, baseSalary) values (18544378, 26, 896);
insert into HealthProfessional (cc, yearsOfService, baseSalary) values (74733965, 45, 2738);
insert into HealthProfessional (cc, yearsOfService, baseSalary) values (35069349, 35, 3677);
insert into HealthProfessional (cc, yearsOfService, baseSalary) values (64552572, 20, 3920);
insert into HealthProfessional (cc, yearsOfService, baseSalary) values (21619901, 39, 2314);
insert into HealthProfessional (cc, yearsOfService, baseSalary) values (71210599, 29, 1150);
insert into HealthProfessional (cc, yearsOfService, baseSalary) values (16643950, 0, 973);
insert into HealthProfessional (cc, yearsOfService, baseSalary) values (57257607, 15, 3193);
insert into HealthProfessional (cc, yearsOfService, baseSalary) values (44643933, 0, 3306);
insert into HealthProfessional (cc, yearsOfService, baseSalary) values (95862914, 30, 3340);
insert into HealthProfessional (cc, yearsOfService, baseSalary) values (17404218, 15, 4163);
insert into HealthProfessional (cc, yearsOfService, baseSalary) values (91684577, 36, 2578);
insert into HealthProfessional (cc, yearsOfService, baseSalary) values (80108542, 19, 1509);
insert into HealthProfessional (cc, yearsOfService, baseSalary) values (56497676, 28, 1851);
insert into HealthProfessional (cc, yearsOfService, baseSalary) values (28339320, 14, 1860);
insert into HealthProfessional (cc, yearsOfService, baseSalary) values (33008447, 6, 849);
insert into HealthProfessional (cc, yearsOfService, baseSalary) values (30010215, 42, 2659);
insert into HealthProfessional (cc, yearsOfService, baseSalary) values (81467203, 41, 4492);
insert into HealthProfessional (cc, yearsOfService, baseSalary) values (57952589, 7, 3142);
insert into HealthProfessional (cc, yearsOfService, baseSalary) values (90293050, 35, 1667);
insert into HealthProfessional (cc, yearsOfService, baseSalary) values (44082554, 23, 2684);
insert into HealthProfessional (cc, yearsOfService, baseSalary) values (21744097, 18, 2801);
insert into HealthProfessional (cc, yearsOfService, baseSalary) values (15623383, 27, 1725);
insert into HealthProfessional (cc, yearsOfService, baseSalary) values (62421857, 23, 4754);
insert into HealthProfessional (cc, yearsOfService, baseSalary) values (33114157, 35, 3642);
insert into HealthProfessional (cc, yearsOfService, baseSalary) values (16785706, 33, 1840);
insert into HealthProfessional (cc, yearsOfService, baseSalary) values (22730650, 45, 1946);
insert into HealthProfessional (cc, yearsOfService, baseSalary) values (23013972, 9, 3351);
insert into HealthProfessional (cc, yearsOfService, baseSalary) values (83804820, 1, 1165);
insert into HealthProfessional (cc, yearsOfService, baseSalary) values (92275267, 4, 3206);
insert into HealthProfessional (cc, yearsOfService, baseSalary) values (49539395, 34, 4089);
insert into HealthProfessional (cc, yearsOfService, baseSalary) values (21014334, 23, 4309);
insert into HealthProfessional (cc, yearsOfService, baseSalary) values (98318812, 42, 1380);
insert into HealthProfessional (cc, yearsOfService, baseSalary) values (56417746, 12, 4247);
insert into HealthProfessional (cc, yearsOfService, baseSalary) values (56665880, 11, 3341);
insert into HealthProfessional (cc, yearsOfService, baseSalary) values (49541323, 25, 3418);
insert into HealthProfessional (cc, yearsOfService, baseSalary) values (31930709, 2, 1151);
insert into HealthProfessional (cc, yearsOfService, baseSalary) values (60058126, 33, 2562);
insert into HealthProfessional (cc, yearsOfService, baseSalary) values (17261544, 7, 4277);
insert into HealthProfessional (cc, yearsOfService, baseSalary) values (77694559, 29, 2541);
insert into HealthProfessional (cc, yearsOfService, baseSalary) values (70087289, 24, 2959);
insert into HealthProfessional (cc, yearsOfService, baseSalary) values (96570562, 30, 2720);
insert into HealthProfessional (cc, yearsOfService, baseSalary) values (44398698, 29, 2212);
insert into HealthProfessional (cc, yearsOfService, baseSalary) values (92971884, 11, 3306);
insert into HealthProfessional (cc, yearsOfService, baseSalary) values (17791057, 28, 3298);
insert into HealthProfessional (cc, yearsOfService, baseSalary) values (12938912, 30, 4120);

insert into Unit (name, hospital, openingDate, phone, head) values ('Radiology', 'Schiller-Maggio', '2011-05-31 19:26:22', 811750634, 10226927);
insert into Unit (name, hospital, openingDate, phone, head) values ('Urgencies', 'Schiller-Maggio', '1986-04-18 02:57:12', 573198689, 32669329);
insert into Unit (name, hospital, openingDate, phone, head) values ('Cardiology', 'Schiller-Maggio', '1992-05-13 18:58:30', 772357869, 67258453);
insert into Unit (name, hospital, openingDate, phone, head) values ('Intensive Care', 'Schiller-Maggio', '2003-10-26 17:01:32', 117754139, 97289982);
insert into Unit (name, hospital, openingDate, phone, head) values ('Cardiology', 'Nader-Ryan', '1975-04-08 22:35:48', 559678332, 78193499);
insert into Unit (name, hospital, openingDate, phone, head) values ('Gynaecology', 'Schiller-Maggio', '1976-06-02 11:05:18', 942183072, 18544378);
insert into Unit (name, hospital, openingDate, phone, head) values ('Obstetrics', 'Schiller-Maggio', '1985-05-10 17:42:06', 391841151, 74733965);
insert into Unit (name, hospital, openingDate, phone, head) values ('Internment', 'Schiller-Maggio', '1980-10-20 07:36:47', 293511795, 35069349);
insert into Unit (name, hospital, openingDate, phone, head) values ('Allergology', 'Schiller-Maggio', '1993-01-05 05:46:30', 861454973, 64552572);
insert into Unit (name, hospital, openingDate, phone, head) values ('Neurology', 'Nader-Ryan', '2005-05-13 12:57:49', 618833372, 21619901);
insert into Unit (name, hospital, openingDate, phone, head) values ('General Medicine', 'Nader-Ryan', '1982-03-16 17:56:58', 535735052, 71210599);
insert into Unit (name, hospital, openingDate, phone, head) values ('Neurology', 'Morissette, Auer and Hackett', '2015-07-12 18:44:50', 572513194, 16643950);
insert into Unit (name, hospital, openingDate, phone, head) values ('Psychiatry', 'Nader-Ryan', '1991-08-23 23:51:42', 342352866, 57257607);
insert into Unit (name, hospital, openingDate, phone, head) values ('Neurology', 'Deckow-Jenkins', '1981-01-24 15:29:35', 803089815, 44643933);
insert into Unit (name, hospital, openingDate, phone, head) values ('Oncology', 'Nader-Ryan', '1979-12-03 12:42:03', 334008015, 95862914);
insert into Unit (name, hospital, openingDate, phone, head) values ('Urgencies', 'Nader-Ryan', '2020-01-27 10:09:36', 644980088, 17404218);
insert into Unit (name, hospital, openingDate, phone, head) values ('Allergology', 'Deckow-Jenkins', '1995-02-11 05:14:40', 235755947, 91684577);
insert into Unit (name, hospital, openingDate, phone, head) values ('General Medicine', 'Deckow-Jenkins', '1980-01-03 08:16:51', 600010010, 80108542);
insert into Unit (name, hospital, openingDate, phone, head) values ('Dermatology', 'Deckow-Jenkins', '1971-11-07 23:34:31', 350543256, 56497676);
insert into Unit (name, hospital, openingDate, phone, head) values ('Internment', 'Deckow-Jenkins', '1995-04-09 12:28:47', 872463870, 28339320);
insert into Unit (name, hospital, openingDate, phone, head) values ('Psychiatry', 'Deckow-Jenkins', '1976-06-07 01:36:21', 623578369, 33008447);
insert into Unit (name, hospital, openingDate, phone, head) values ('Psychiatry', 'Muller-Schulist', '2020-04-17 10:13:01', 792831023, 30010215);
insert into Unit (name, hospital, openingDate, phone, head) values ('Cardiology', 'Deckow-Jenkins', '2019-07-13 03:12:10', 363869704, 81467203);
insert into Unit (name, hospital, openingDate, phone, head) values ('Urgencies', 'Deckow-Jenkins', '1978-07-11 21:16:40', 800052384, 57952589);
insert into Unit (name, hospital, openingDate, phone, head) values ('Dermatology', 'Morissette, Auer and Hackett', '2000-05-15 01:14:12', 147170909, 90293050);
insert into Unit (name, hospital, openingDate, phone, head) values ('Allergology', 'Morissette, Auer and Hackett', '1985-09-27 04:07:53', 366952470, 44082554);
insert into Unit (name, hospital, openingDate, phone, head) values ('Allergology', 'Muller-Schulist', '2013-10-30 10:41:18', 846557814, 21744097);
insert into Unit (name, hospital, openingDate, phone, head) values ('Obstetrics', 'Morissette, Auer and Hackett', '1973-05-11 23:30:05', 842541912, 15623383);
insert into Unit (name, hospital, openingDate, phone, head) values ('Oncology', 'Morissette, Auer and Hackett', '2007-06-28 18:38:36', 963872654, 62421857);
insert into Unit (name, hospital, openingDate, phone, head) values ('Intensive Care', 'Morissette, Auer and Hackett', '1991-03-30 17:31:53', 504149234, 33114157);
insert into Unit (name, hospital, openingDate, phone, head) values ('Radiology', 'Morissette, Auer and Hackett', '1990-12-03 15:47:34', 461930730, 16785706);
insert into Unit (name, hospital, openingDate, phone, head) values ('Urgencies', 'Morissette, Auer and Hackett', '1983-11-22 03:26:39', 458641460, 22730650);
insert into Unit (name, hospital, openingDate, phone, head) values ('Allergology', 'Farrell Group', '1997-01-08 17:01:35', 503591659, 23013972);
insert into Unit (name, hospital, openingDate, phone, head) values ('Allergology', 'Nader-Ryan', '1985-05-28 19:39:22', 820969037, 83804820);
insert into Unit (name, hospital, openingDate, phone, head) values ('Oncology', 'Farrell Group', '2012-08-18 22:20:21', 287182865, 92275267);
insert into Unit (name, hospital, openingDate, phone, head) values ('Dermatology', 'Farrell Group', '1982-09-15 18:40:55', 762901433, 49539395);
insert into Unit (name, hospital, openingDate, phone, head) values ('Internment', 'Farrell Group', '1979-12-10 00:08:02', 915589902, 21014334);
insert into Unit (name, hospital, openingDate, phone, head) values ('Cardiology', 'Farrell Group', '1987-03-21 12:04:25', 778641579, 98318812);
insert into Unit (name, hospital, openingDate, phone, head) values ('Gynaecology', 'Muller-Schulist', '1972-05-25 21:44:37', 197962784, 56417746);
insert into Unit (name, hospital, openingDate, phone, head) values ('Neurology', 'Muller-Schulist', '1986-03-05 16:47:45', 502930155, 56665880);

INSERT into Specialty (name, extraSalaryPerYear) values ('Cardiology', 939);
INSERT into Specialty (name, extraSalaryPerYear) values ('Pediatrics', 559);
INSERT into Specialty (name, extraSalaryPerYear) values ('Neurology', 909);
INSERT into Specialty (name, extraSalaryPerYear) values ('Obstetrics', 681);
INSERT into Specialty (name, extraSalaryPerYear) values ('Urgencies', 906);
INSERT into Specialty (name, extraSalaryPerYear) values ('Intensive Care', 637);
INSERT into Specialty (name, extraSalaryPerYear) values ('Radiology', 514);
INSERT into Specialty (name, extraSalaryPerYear) values ('Oncology', 969);
INSERT into Specialty (name, extraSalaryPerYear) values ('General Medicine', 884);
INSERT into Specialty (name, extraSalaryPerYear) values ('Allergology', 542);
INSERT into Specialty (name, extraSalaryPerYear) values ('Internment', 677);
INSERT into Specialty (name, extraSalaryPerYear) values ('Dermatology', 1000);
INSERT into Specialty (name, extraSalaryPerYear) values ('Urology', 971);
INSERT into Specialty (name, extraSalaryPerYear) values ('Gynaecology', 633);
INSERT into Specialty (name, extraSalaryPerYear) values ('Psychiatry', 773); 

insert into Nurse (healthProfessionalCC) values (33008447);
insert into Nurse (healthProfessionalCC) values (57952589);
insert into Nurse (healthProfessionalCC) values (23013972);
insert into Nurse (healthProfessionalCC) values (83804820);
insert into Nurse (healthProfessionalCC) values (92275267);
insert into Nurse (healthProfessionalCC) values (56665880);
insert into Nurse (healthProfessionalCC) values (92971884);
insert into Nurse (healthProfessionalCC) values (31930709);
insert into Nurse (healthProfessionalCC) values (17261544);
insert into Nurse (healthProfessionalCC, specialty) values (56417746, 'General Medicine');
insert into Nurse (healthProfessionalCC, specialty) values (49539395, 'Radiology');
insert into Nurse (healthProfessionalCC, specialty) values (17791057, 'Internment');
insert into Nurse (healthProfessionalCC, specialty) values (90293050, 'Cardiology');
insert into Nurse (healthProfessionalCC, specialty) values (77694559, 'Psychiatry');
insert into Nurse (healthProfessionalCC, specialty) values (21744097, 'Urgencies');
insert into Nurse (healthProfessionalCC, specialty) values (62421857, 'Intensive Care');
insert into Nurse (healthProfessionalCC, specialty) values (98318812, 'General Medicine');
insert into Nurse (healthProfessionalCC, specialty) values (81467203, 'Cardiology');
insert into Nurse (healthProfessionalCC, specialty) values (16785706, 'Intensive Care');
insert into Nurse (healthProfessionalCC, specialty) values (22730650, 'Radiology');
insert into Nurse (healthProfessionalCC, specialty) values (15623383, 'Urgencies');
insert into Nurse (healthProfessionalCC, specialty) values (21014334, 'Radiology');
insert into Nurse (healthProfessionalCC, specialty) values (96570562, 'Internment');
insert into Nurse (healthProfessionalCC, specialty) values (30010215, 'Cardiology');
insert into Nurse (healthProfessionalCC, specialty) values (49541323, 'General Medicine');
insert into Nurse (healthProfessionalCC, specialty) values (60058126, 'Psychiatry');
insert into Nurse (healthProfessionalCC, specialty) values (33114157, 'Intensive Care');
insert into Nurse (healthProfessionalCC, specialty) values (44398698, 'Internment');
insert into Nurse (healthProfessionalCC, specialty) values (70087289, 'Psychiatry');
insert into Nurse (healthProfessionalCC, specialty) values (44082554, 'Urgencies');

insert into Doctor (healthProfessionalCC, type) values (78193499, 'intern');
insert into Doctor (healthProfessionalCC, type) values (16643950, 'intern');
insert into Doctor (healthProfessionalCC, type) values (44643933, 'intern');
insert into Doctor (healthProfessionalCC, type, specialty) values (10226927, 'attending', 'Cardiology');
insert into Doctor (healthProfessionalCC, type, specialty) values (32669329, 'resident', 'General Medicine');
insert into Doctor (healthProfessionalCC, type, specialty) values (67258453, 'attending', 'Neurology');
insert into Doctor (healthProfessionalCC, type, specialty) values (97289982, 'resident', 'Radiology');
insert into Doctor (healthProfessionalCC, type, specialty) values (18544378, 'resident', 'Radiology');
insert into Doctor (healthProfessionalCC, type, specialty) values (74733965, 'attending', 'Oncology');
insert into Doctor (healthProfessionalCC, type, specialty) values (35069349, 'attending', 'Urology');
insert into Doctor (healthProfessionalCC, type, specialty) values (64552572, 'resident', 'Dermatology');
insert into Doctor (healthProfessionalCC, type, specialty) values (21619901, 'attending', 'Pediatrics');
insert into Doctor (healthProfessionalCC, type, specialty) values (71210599, 'resident', 'Urgencies');
insert into Doctor (healthProfessionalCC, type, specialty) values (57257607, 'attending', 'Obstetrics');
insert into Doctor (healthProfessionalCC, type, specialty) values (95862914, 'resident', 'Intensive Care');
insert into Doctor (healthProfessionalCC, type, specialty) values (17404218, 'resident', 'Allergology');
insert into Doctor (healthProfessionalCC, type, specialty) values (91684577, 'attending', 'Internment');
insert into Doctor (healthProfessionalCC, type, specialty) values (80108542, 'resident', 'Gynaecology');
insert into Doctor (healthProfessionalCC, type, specialty) values (56497676, 'resident', 'Psychiatry');
insert into Doctor (healthProfessionalCC, type, specialty) values (28339320, 'resident', 'Obstetrics');
insert into Doctor (healthProfessionalCC, type, specialty) values (12938912, 'attending', 'Neurology');

insert into EmployedAt (healthProfessional, hospitalName, id) values (10226927, 'Schiller-Maggio', 1295);
insert into EmployedAt (healthProfessional, hospitalName, id) values (32669329, 'Schiller-Maggio', 3716);
insert into EmployedAt (healthProfessional, hospitalName, id) values (67258453, 'Schiller-Maggio', 8841);
insert into EmployedAt (healthProfessional, hospitalName, id) values (97289982, 'Schiller-Maggio', 7195);
insert into EmployedAt (healthProfessional, hospitalName, id) values (78193499, 'Nader-Ryan', 7141);
insert into EmployedAt (healthProfessional, hospitalName, id) values (18544378, 'Schiller-Maggio', 1888);
insert into EmployedAt (healthProfessional, hospitalName, id) values (74733965, 'Schiller-Maggio', 2444);
insert into EmployedAt (healthProfessional, hospitalName, id) values (35069349, 'Schiller-Maggio', 9930);
insert into EmployedAt (healthProfessional, hospitalName, id) values (64552572, 'Schiller-Maggio', 5148);
insert into EmployedAt (healthProfessional, hospitalName, id) values (21619901, 'Nader-Ryan', 9065);
insert into EmployedAt (healthProfessional, hospitalName, id) values (71210599, 'Nader-Ryan', 1402);
insert into EmployedAt (healthProfessional, hospitalName, id) values (16643950, 'Morissette, Auer and Hackett', 8593);
insert into EmployedAt (healthProfessional, hospitalName, id) values (57257607, 'Nader-Ryan', 6913);
insert into EmployedAt (healthProfessional, hospitalName, id) values (44643933, 'Deckow-Jenkins', 4350);
insert into EmployedAt (healthProfessional, hospitalName, id) values (95862914, 'Nader-Ryan', 5037);
insert into EmployedAt (healthProfessional, hospitalName, id) values (17404218, 'Nader-Ryan', 5396);
insert into EmployedAt (healthProfessional, hospitalName, id) values (91684577, 'Deckow-Jenkins', 1820);
insert into EmployedAt (healthProfessional, hospitalName, id) values (80108542, 'Deckow-Jenkins', 8697);
insert into EmployedAt (healthProfessional, hospitalName, id) values (56497676, 'Deckow-Jenkins', 4314);
insert into EmployedAt (healthProfessional, hospitalName, id) values (28339320, 'Deckow-Jenkins', 7407);
insert into EmployedAt (healthProfessional, hospitalName, id) values (33008447, 'Deckow-Jenkins', 2641);
insert into EmployedAt (healthProfessional, hospitalName, id) values (30010215, 'Muller-Schulist', 1162);
insert into EmployedAt (healthProfessional, hospitalName, id) values (81467203, 'Deckow-Jenkins', 5160);
insert into EmployedAt (healthProfessional, hospitalName, id) values (57952589, 'Deckow-Jenkins', 1834);
insert into EmployedAt (healthProfessional, hospitalName, id) values (90293050, 'Morissette, Auer and Hackett', 2292);
insert into EmployedAt (healthProfessional, hospitalName, id) values (44082554, 'Morissette, Auer and Hackett', 4582);
insert into EmployedAt (healthProfessional, hospitalName, id) values (21744097, 'Muller-Schulist', 3687);
insert into EmployedAt (healthProfessional, hospitalName, id) values (15623383, 'Morissette, Auer and Hackett', 7034);
insert into EmployedAt (healthProfessional, hospitalName, id) values (62421857, 'Morissette, Auer and Hackett', 6055);
insert into EmployedAt (healthProfessional, hospitalName, id) values (33114157, 'Morissette, Auer and Hackett', 1515);
insert into EmployedAt (healthProfessional, hospitalName, id) values (16785706, 'Morissette, Auer and Hackett', 9627);
insert into EmployedAt (healthProfessional, hospitalName, id) values (22730650, 'Morissette, Auer and Hackett', 8027);
insert into EmployedAt (healthProfessional, hospitalName, id) values (23013972, 'Farrell Group', 1659);
insert into EmployedAt (healthProfessional, hospitalName, id) values (83804820, 'Nader-Ryan', 3221);
insert into EmployedAt (healthProfessional, hospitalName, id) values (92275267, 'Farrell Group', 6033);
insert into EmployedAt (healthProfessional, hospitalName, id) values (49539395, 'Farrell Group', 5314);
insert into EmployedAt (healthProfessional, hospitalName, id) values (21014334, 'Farrell Group', 5732);
insert into EmployedAt (healthProfessional, hospitalName, id) values (98318812, 'Farrell Group', 9611);
insert into EmployedAt (healthProfessional, hospitalName, id) values (56417746, 'Muller-Schulist', 8958);
insert into EmployedAt (healthProfessional, hospitalName, id) values (56665880, 'Muller-Schulist', 6529);
insert into EmployedAt (healthProfessional, hospitalName, id) values (49541323, 'Morissette, Auer and Hackett', 4566);
insert into EmployedAt (healthProfessional, hospitalName, id) values (31930709, 'Morissette, Auer and Hackett', 9625);
insert into EmployedAt (healthProfessional, hospitalName, id) values (60058126, 'Farrell Group', 5183);
insert into EmployedAt (healthProfessional, hospitalName, id) values (17261544, 'Deckow-Jenkins', 4477);
insert into EmployedAt (healthProfessional, hospitalName, id) values (77694559, 'Nader-Ryan', 5699);
insert into EmployedAt (healthProfessional, hospitalName, id) values (70087289, 'Morissette, Auer and Hackett', 4432);
insert into EmployedAt (healthProfessional, hospitalName, id) values (96570562, 'Farrell Group', 3938);
insert into EmployedAt (healthProfessional, hospitalName, id) values (44398698, 'Deckow-Jenkins', 8330);
insert into EmployedAt (healthProfessional, hospitalName, id) values (92971884, 'Morissette, Auer and Hackett', 5064);
insert into EmployedAt (healthProfessional, hospitalName, id) values (17791057, 'Deckow-Jenkins', 4516);

insert into WorksAt (healthProfessional, unitName, hospitalName) values (10226927, 'Radiology', 'Schiller-Maggio');
insert into WorksAt (healthProfessional, unitName, hospitalName) values (32669329, 'Urgencies', 'Schiller-Maggio');
insert into WorksAt (healthProfessional, unitName, hospitalName) values (67258453, 'Cardiology', 'Schiller-Maggio');
insert into WorksAt (healthProfessional, unitName, hospitalName) values (97289982, 'Intensive Care', 'Schiller-Maggio');
insert into WorksAt (healthProfessional, unitName, hospitalName) values (78193499, 'Cardiology', 'Nader-Ryan');
insert into WorksAt (healthProfessional, unitName, hospitalName) values (18544378, 'Gynaecology', 'Schiller-Maggio');
insert into WorksAt (healthProfessional, unitName, hospitalName) values (74733965, 'Obstetrics', 'Schiller-Maggio');
insert into WorksAt (healthProfessional, unitName, hospitalName) values (35069349, 'Internment', 'Schiller-Maggio');
insert into WorksAt (healthProfessional, unitName, hospitalName) values (64552572, 'Allergology', 'Schiller-Maggio');
insert into WorksAt (healthProfessional, unitName, hospitalName) values (21619901, 'Neurology', 'Nader-Ryan');
insert into WorksAt (healthProfessional, unitName, hospitalName) values (71210599, 'General Medicine', 'Nader-Ryan');
insert into WorksAt (healthProfessional, unitName, hospitalName) values (16643950, 'Neurology', 'Morissette, Auer and Hackett');
insert into WorksAt (healthProfessional, unitName, hospitalName) values (57257607, 'Psychiatry', 'Nader-Ryan');
insert into WorksAt (healthProfessional, unitName, hospitalName) values (44643933, 'Neurology', 'Deckow-Jenkins');
insert into WorksAt (healthProfessional, unitName, hospitalName) values (95862914, 'Oncology', 'Nader-Ryan');
insert into WorksAt (healthProfessional, unitName, hospitalName) values (17404218, 'Urgencies', 'Nader-Ryan');
insert into WorksAt (healthProfessional, unitName, hospitalName) values (91684577, 'Allergology', 'Deckow-Jenkins');
insert into WorksAt (healthProfessional, unitName, hospitalName) values (80108542, 'General Medicine', 'Deckow-Jenkins');
insert into WorksAt (healthProfessional, unitName, hospitalName) values (56497676, 'Dermatology', 'Deckow-Jenkins');
insert into WorksAt (healthProfessional, unitName, hospitalName) values (28339320, 'Internment', 'Deckow-Jenkins');
insert into WorksAt (healthProfessional, unitName, hospitalName) values (33008447, 'Psychiatry', 'Deckow-Jenkins');
insert into WorksAt (healthProfessional, unitName, hospitalName) values (30010215, 'Psychiatry', 'Muller-Schulist');
insert into WorksAt (healthProfessional, unitName, hospitalName) values (81467203, 'Cardiology', 'Deckow-Jenkins');
insert into WorksAt (healthProfessional, unitName, hospitalName) values (57952589, 'Urgencies', 'Deckow-Jenkins');
insert into WorksAt (healthProfessional, unitName, hospitalName) values (90293050, 'Dermatology', 'Morissette, Auer and Hackett');
insert into WorksAt (healthProfessional, unitName, hospitalName) values (44082554, 'Allergology', 'Morissette, Auer and Hackett');
insert into WorksAt (healthProfessional, unitName, hospitalName) values (21744097, 'Allergology', 'Muller-Schulist');
insert into WorksAt (healthProfessional, unitName, hospitalName) values (15623383, 'Obstetrics', 'Morissette, Auer and Hackett');
insert into WorksAt (healthProfessional, unitName, hospitalName) values (62421857, 'Oncology', 'Morissette, Auer and Hackett');
insert into WorksAt (healthProfessional, unitName, hospitalName) values (33114157, 'Intensive Care', 'Morissette, Auer and Hackett');
insert into WorksAt (healthProfessional, unitName, hospitalName) values (16785706, 'Radiology', 'Morissette, Auer and Hackett');
insert into WorksAt (healthProfessional, unitName, hospitalName) values (22730650, 'Urgencies', 'Morissette, Auer and Hackett');
insert into WorksAt (healthProfessional, unitName, hospitalName) values (23013972, 'Allergology', 'Farrell Group');
insert into WorksAt (healthProfessional, unitName, hospitalName) values (83804820, 'Allergology', 'Nader-Ryan');
insert into WorksAt (healthProfessional, unitName, hospitalName) values (92275267, 'Oncology', 'Farrell Group');
insert into WorksAt (healthProfessional, unitName, hospitalName) values (49539395, 'Dermatology', 'Farrell Group');
insert into WorksAt (healthProfessional, unitName, hospitalName) values (21014334, 'Internment', 'Farrell Group');
insert into WorksAt (healthProfessional, unitName, hospitalName) values (98318812, 'Cardiology', 'Farrell Group');
insert into WorksAt (healthProfessional, unitName, hospitalName) values (56417746, 'Gynaecology', 'Muller-Schulist');
insert into WorksAt (healthProfessional, unitName, hospitalName) values (56665880, 'Neurology', 'Muller-Schulist');
insert into WorksAt (healthProfessional, unitName, hospitalName) values (49541323, 'Dermatology', 'Morissette, Auer and Hackett');
insert into WorksAt (healthProfessional, unitName, hospitalName) values (31930709, 'Urgencies', 'Morissette, Auer and Hackett');
insert into WorksAt (healthProfessional, unitName, hospitalName) values (60058126, 'Dermatology', 'Farrell Group');
insert into WorksAt (healthProfessional, unitName, hospitalName) values (17261544, 'Allergology', 'Deckow-Jenkins');
insert into WorksAt (healthProfessional, unitName, hospitalName) values (77694559, 'Psychiatry', 'Nader-Ryan');
insert into WorksAt (healthProfessional, unitName, hospitalName) values (70087289, 'Obstetrics', 'Morissette, Auer and Hackett');
insert into WorksAt (healthProfessional, unitName, hospitalName) values (96570562, 'Allergology', 'Farrell Group');
insert into WorksAt (healthProfessional, unitName, hospitalName) values (44398698, 'Cardiology', 'Deckow-Jenkins');
insert into WorksAt (healthProfessional, unitName, hospitalName) values (92971884, 'Oncology', 'Morissette, Auer and Hackett');
insert into WorksAt (healthProfessional, unitName, hospitalName) values (17791057, 'Internment', 'Deckow-Jenkins');

insert into Ocurrence (type, date, gravity, outcome, unit, hospital, patient) values ('appointment', '2021-03-18 09:23:29', 'low', 'Success', 'Radiology', 'Schiller-Maggio', 20289661);
insert into Ocurrence (type, date, gravity, outcome, unit, hospital, patient) values ('appointment', '2021-03-23 01:37:16', 'medium', 'Success', 'Intensive Care', 'Schiller-Maggio', 53212792);
insert into Ocurrence (type, date, gravity, outcome, unit, hospital, patient) values ('analysis', '2021-04-01 06:50:55', 'low','Inconclusive', 'Cardiology', 'Schiller-Maggio', 57952589);
insert into Ocurrence (type, date, gravity, outcome, unit, hospital, patient) values ('therapy', '2021-03-24 05:16:14', 'medium', 'Cured', 'Urgencies', 'Schiller-Maggio', 53212792);
insert into Ocurrence (type, date, gravity, outcome, unit, hospital, patient) values ('emergency', '2021-02-24 15:18:21', 'high', 'Success', 'Cardiology', 'Nader-Ryan', 57952589);
insert into Ocurrence (type, date, gravity, outcome, unit, hospital, patient) values ('analysis', '2021-03-18 09:57:50', 'low', 'Success', 'Gynaecology', 'Schiller-Maggio', 46641929);
insert into Ocurrence (type, date, gravity, outcome, unit, hospital, patient) values ('surgery', '2021-03-09 09:44:15', 'high', 'Success', 'Obstetrics', 'Schiller-Maggio', 20289661);
insert into Ocurrence (type, date, gravity, outcome, unit, hospital, patient) values ('analysis', '2021-03-15 21:46:55', 'low', 'Inconclusive', 'Internment', 'Schiller-Maggio', 63400671);
insert into Ocurrence (type, date, gravity, outcome, unit, hospital, patient) values ('therapy', '2021-03-15 04:24:52', 'medium', 'Failed','Allergology', 'Schiller-Maggio', 57952589);
insert into Ocurrence (type, date, gravity, outcome, unit, hospital, patient) values ('emergency', '2021-03-20 22:33:11', 'high', 'Success', 'Neurology', 'Nader-Ryan', 59884274);
insert into Ocurrence (type, date, gravity, outcome, unit, hospital, patient) values ('exam', '2021-02-24 08:15:52', 'medium', 'Cured', 'General Medicine', 'Nader-Ryan', 26597547);
insert into Ocurrence (type, date, gravity, outcome, unit, hospital, patient) values ('analysis', '2021-03-29 14:47:14', 'medium', 'Cured', 'Neurology', 'Morissette, Auer and Hackett', 74733965);
insert into Ocurrence (type, date, gravity, outcome, unit, hospital, patient) values ('therapy', '2021-02-11 04:00:22', 'low', 'Success', 'Psychiatry', 'Nader-Ryan', 89035321);
insert into Ocurrence (type, date, gravity, outcome, unit, hospital, patient) values ('emergency', '2021-02-09 18:00:55', 'high', 'Success', 'Neurology', 'Deckow-Jenkins', 20289661);
insert into Ocurrence (type, date, gravity, outcome, unit, hospital, patient) values ('surgery', '2021-03-06 13:50:44', 'high', 'Great Success', 'Oncology', 'Nader-Ryan', 74733965);
insert into Ocurrence (type, date, gravity, outcome, unit, hospital, patient) values ('emergency', '2021-03-14 01:46:58', 'medium', 'Success', 'Urgencies', 'Nader-Ryan', 57952589);
insert into Ocurrence (type, date, gravity, outcome, unit, hospital, patient) values ('therapy', '2021-03-17 17:37:13', 'low', 'Cured', 'Allergology', 'Deckow-Jenkins', 63400671);
insert into Ocurrence (type, date, gravity, outcome, unit, hospital, patient) values ('analysis', '2021-03-04 06:25:56', 'medium', 'Success', 'General Medicine', 'Deckow-Jenkins', 11600891);
insert into Ocurrence (type, date, gravity, outcome, unit, hospital, patient) values ('therapy', '2021-03-14 21:11:11', 'medium', 'Success', 'Dermatology', 'Deckow-Jenkins', 46641929);
insert into Ocurrence (type, date, gravity, outcome, unit, hospital, patient) values ('emergency', '2021-04-04 19:06:55', 'high', 'Failed', 'Internment', 'Deckow-Jenkins', 20289661);
insert into Ocurrence (type, date, gravity, outcome, unit, hospital, patient) values ('exam', '2021-02-07 12:24:34', 'medium', 'Inconclusive', 'Psychiatry', 'Deckow-Jenkins', 55749253);
insert into Ocurrence (type, date, gravity, outcome, unit, hospital, patient) values ('emergency', '2021-04-02 01:27:10', 'high', 'Success', 'Psychiatry', 'Muller-Schulist', 91684577);
insert into Ocurrence (type, date, gravity, outcome, unit, hospital, patient) values ('emergency', '2021-03-07 21:26:27', 'high', 'Failed', 'Cardiology', 'Deckow-Jenkins', 55749253);
insert into Ocurrence (type, date, gravity, outcome, unit, hospital, patient) values ('exam', '2021-02-28 18:01:37', 'medium', 'Inconclusive', 'Urgencies', 'Deckow-Jenkins', 30010215);
insert into Ocurrence (type, date, gravity, outcome, unit, hospital, patient) values ('exam', '2021-03-29 23:08:03', 'medium', 'Success', 'Dermatology', 'Morissette, Auer and Hackett', 20289661);
insert into Ocurrence (type, date, gravity, outcome, unit, hospital, patient) values ('surgery', '2021-02-08 18:38:41', 'high', 'Small bleeding complications, pacemaker successfully installed', 'Cardiology', 'Farrell Group', 57952589);
insert into Ocurrence (type, date, gravity, outcome, unit, hospital, patient) values ('therapy', '2021-03-28 14:56:57', 'low', 'Stale progress', 'Allergology', 'Farrell Group', 81467203);
insert into Ocurrence (type, date, gravity, outcome, unit, hospital, patient) values ('analysis', '2021-03-13 22:36:56', 'low', 'Nothing wrong was found', 'Dermatology', 'Deckow-Jenkins', 30010215);
insert into Ocurrence (type, date, gravity, outcome, unit, hospital, patient) values ('therapy', '2021-03-22 09:51:00', 'low', 'Positive improvement', 'Internment', 'Deckow-Jenkins', 33008447);
insert into Ocurrence (type, date, gravity, outcome, unit, hospital, patient) values ('therapy', '2021-02-19 07:55:17', 'low', 'Stale progress', 'Internment', 'Deckow-Jenkins', 28339320);
insert into Ocurrence (type, date, gravity, outcome, unit, hospital, patient) values ('surgery', '2021-03-14 01:16:52', 'medium', 'Appendix succesfully removed', 'General Medicine', 'Nader-Ryan', 56497676);
insert into Ocurrence (type, date, gravity, outcome, unit, hospital, patient) values ('appointment', '2021-02-05 01:57:51', 'medium', 'Suspicious noise on right lung', 'General Medicine', 'Nader-Ryan', 91684577);
insert into Ocurrence (type, date, gravity, outcome, unit, hospital, patient) values ('exam', '2021-03-24 05:06:46', 'medium', 'Broken Cubit', 'Radiology', 'Schiller-Maggio', 56497676);
insert into Ocurrence (type, date, gravity, outcome, unit, hospital, patient) values ('therapy', '2021-02-27 13:20:23', 'low', 'Stale Progress', 'Internment', 'Deckow-Jenkins', 80108542);
insert into Ocurrence (type, date, gravity, outcome, unit, hospital, patient) values ('appointment', '2021-02-23 21:01:28', 'low', 'Some anti-inflamatories were recommended', 'General Medicine', 'Deckow-Jenkins', 90293050);
insert into Ocurrence (type, date, gravity, outcome, unit, hospital, patient) values ('appointment', '2021-03-31 23:24:30', 'low', 'Patient was worrying for nothing', 'General Medicine', 'Deckow-Jenkins', 91684577);
insert into Ocurrence (type, date, gravity, outcome, unit, hospital, patient) values ('therapy', '2021-02-10 16:13:05', 'low', 'Left arm is starting to respond', 'Internment', 'Deckow-Jenkins', 16643950);
insert into Ocurrence (type, date, gravity, outcome, unit, hospital, patient) values ('appointment', '2021-03-12 00:56:03', 'medium', 'Biopsis scheduled', 'General Medicine', 'Deckow-Jenkins', 16643950);
insert into Ocurrence (type, date, gravity, outcome, unit, hospital, patient) values ('therapy', '2021-03-10 17:14:30', 'low', 'Right leg is starting to move correctly', 'Internment', 'Deckow-Jenkins', 90293050);
insert into Ocurrence (type, date, gravity, outcome, unit, hospital, patient) values ('analysis', '2021-03-26 16:38:47', 'low', 'Nothing wrong was found', 'Neurology', 'Nader-Ryan', 13380693);
insert into Ocurrence (type, date, gravity, outcome, unit, hospital, patient) values ('appointment', '2021-03-11 18:30:24', 'low', 'Nothing wrong was found', 'General Medicine', 'Deckow-Jenkins', 79224890);
insert into Ocurrence (type, date, gravity, outcome, unit, hospital, patient) values ('surgery', '2021-02-05 18:05:04', 'high', 'Lung succesfully implanted', 'Cardiology', 'Farrell Group', 79224890);
insert into Ocurrence (type, date, gravity, outcome, unit, hospital, patient) values ('analysis', '2021-02-10 05:52:29', 'medium', 'Cholesterol found to be too high', 'Cardiology', 'Farrell Group', 66567575);
insert into Ocurrence (type, date, gravity, outcome, unit, hospital, patient) values ('therapy', '2021-02-03 17:49:46', 'low', 'Final therapy session', 'Intensive Care', 'Schiller-Maggio', 66567575);
insert into Ocurrence (type, date, gravity, outcome, unit, hospital, patient) values ('emergency', '2021-03-10 01:09:11', 'medium', '30 stitches given', 'Urgencies', 'Nader-Ryan', 53212792);
insert into Ocurrence (type, date, gravity, outcome, unit, hospital, patient) values ('therapy', '2021-03-14 15:06:39', 'low', 'Stale Progress', 'Internment', 'Deckow-Jenkins', 53212792);
insert into Ocurrence (type, date, gravity, outcome, unit, hospital, patient) values ('therapy', '2021-03-01 14:50:42', 'low', 'Stale progress', 'Internment', 'Farrell Group', 59884274);
insert into Ocurrence (type, date, gravity, outcome, unit, hospital, patient) values ('analysis', '2021-02-27 12:35:34', 'low', 'Tumour was found to be benign', 'Gynaecology', 'Schiller-Maggio', 11600891);
insert into Ocurrence (type, date, gravity, outcome, unit, hospital, patient) values ('appointment', '2021-02-18 23:08:49', 'low', 'Prescription given for back pain', 'General Medicine', 'Deckow-Jenkins', 59884274);
insert into Ocurrence (type, date, gravity, outcome, unit, hospital, patient) values ('therapy', '2021-03-09 17:50:02', 'low', 'Positive improvement', 'Internment', 'Farrell Group', 11600891);
update Ocurrence set followUp = 4 where id = 2;
update Ocurrence set followUp = 45 where id = 4;
update Ocurrence set followUp = 46 where id = 45;
update Ocurrence set followUp = 5 where id = 3;
update Ocurrence set followUp = 9 where id = 5;
update Ocurrence set followUp = 16 where id = 9;
update Ocurrence set followUp = 7 where id = 1;
update Ocurrence set followUp = 14 where id = 7;
update Ocurrence set followUp = 20 where id = 14;

--Tests for int6
insert into Ocurrence (type, date, gravity, outcome, unit, hospital, patient) values ('therapy', '2021-03-18 09:23:29', 'low', 'test', 'Radiology', 'Schiller-Maggio', 10226927); -- 51
insert into Ocurrence (type, date, gravity, outcome, unit, hospital, patient) values ('therapy', '2021-03-18 09:23:29', 'low', 'test', 'Radiology', 'Schiller-Maggio', 32669329); -- 52
insert into Ocurrence (type, date, gravity, outcome, unit, hospital, patient) values ('therapy', '2021-03-19 09:23:29', 'low', 'test', 'Radiology', 'Schiller-Maggio', 32669329); -- 53


INSERT INTO Participated (ocurrence, healthProfessional) values (1, 10226927); 
INSERT INTO Participated (ocurrence, healthProfessional) values (2, 32669329); 
INSERT INTO Participated (ocurrence, healthProfessional) values (3, 67258453); 
INSERT INTO Participated (ocurrence, healthProfessional) values (4, 97289982); 
INSERT INTO Participated (ocurrence, healthProfessional) values (5, 78193499); 
INSERT INTO Participated (ocurrence, healthProfessional) values (6, 18544378); 
INSERT INTO Participated (ocurrence, healthProfessional) values (7, 74733965); 
INSERT INTO Participated (ocurrence, healthProfessional) values (8, 35069349); 
INSERT INTO Participated (ocurrence, healthProfessional) values (9, 64552572); 
INSERT INTO Participated (ocurrence, healthProfessional) values (10, 21619901); 
INSERT INTO Participated (ocurrence, healthProfessional) values (11, 71210599); 
INSERT INTO Participated (ocurrence, healthProfessional) values (12, 16643950); 
INSERT INTO Participated (ocurrence, healthProfessional) values (13, 57257607); 
INSERT INTO Participated (ocurrence, healthProfessional) values (14, 44643933); 
INSERT INTO Participated (ocurrence, healthProfessional) values (15, 95862914); 
INSERT INTO Participated (ocurrence, healthProfessional) values (16, 17404218); 
INSERT INTO Participated (ocurrence, healthProfessional) values (17, 91684577); 
INSERT INTO Participated (ocurrence, healthProfessional) values (18, 80108542); 
INSERT INTO Participated (ocurrence, healthProfessional) values (19, 56497676); 
INSERT INTO Participated (ocurrence, healthProfessional) values (20, 28339320); 
INSERT INTO Participated (ocurrence, healthProfessional) values (21, 33008447); 
INSERT INTO Participated (ocurrence, healthProfessional) values (22, 30010215); 
INSERT INTO Participated (ocurrence, healthProfessional) values (23, 81467203); 
INSERT INTO Participated (ocurrence, healthProfessional) values (24, 57952589); 
INSERT INTO Participated (ocurrence, healthProfessional) values (25, 90293050); 
INSERT INTO Participated (ocurrence, healthProfessional) values (26, 44082554); 
INSERT INTO Participated (ocurrence, healthProfessional) values (27, 21744097); 
INSERT INTO Participated (ocurrence, healthProfessional) values (28, 15623383); 
INSERT INTO Participated (ocurrence, healthProfessional) values (29, 62421857); 
INSERT INTO Participated (ocurrence, healthProfessional) values (30, 33114157); 
INSERT INTO Participated (ocurrence, healthProfessional) values (31, 16785706); 
INSERT INTO Participated (ocurrence, healthProfessional) values (32, 22730650); 
INSERT INTO Participated (ocurrence, healthProfessional) values (33, 23013972); 
INSERT INTO Participated (ocurrence, healthProfessional) values (34, 83804820); 
INSERT INTO Participated (ocurrence, healthProfessional) values (35, 92275267); 
INSERT INTO Participated (ocurrence, healthProfessional) values (36, 49539395); 
INSERT INTO Participated (ocurrence, healthProfessional) values (37, 21014334); 
INSERT INTO Participated (ocurrence, healthProfessional) values (38, 98318812); 
INSERT INTO Participated (ocurrence, healthProfessional) values (39, 56417746); 
INSERT INTO Participated (ocurrence, healthProfessional) values (40, 56665880); 
INSERT INTO Participated (ocurrence, healthProfessional) values (41, 49541323); 
INSERT INTO Participated (ocurrence, healthProfessional) values (42, 31930709); 
INSERT INTO Participated (ocurrence, healthProfessional) values (43, 60058126); 
INSERT INTO Participated (ocurrence, healthProfessional) values (44, 17261544); 
INSERT INTO Participated (ocurrence, healthProfessional) values (45, 77694559); 
INSERT INTO Participated (ocurrence, healthProfessional) values (46, 70087289); 
INSERT INTO Participated (ocurrence, healthProfessional) values (47, 96570562); 
INSERT INTO Participated (ocurrence, healthProfessional) values (48, 44398698); 
INSERT INTO Participated (ocurrence, healthProfessional) values (49, 92971884); 
INSERT INTO Participated (ocurrence, healthProfessional) values (50, 17791057); 

--Tests for int6 and int10
INSERT INTO Participated (ocurrence, healthProfessional) values (51, 33008447); 
INSERT INTO Participated (ocurrence, healthProfessional) values (52, 33008447); 
INSERT INTO Participated (ocurrence, healthProfessional) values (53, 33008447); 

INSERT INTO Participated (ocurrence, healthProfessional) values (51, 32669329); 
INSERT INTO Participated (ocurrence, healthProfessional) values (52, 32669329); 

INSERT INTO Participated (ocurrence, healthProfessional) values (52, 64552572); 
INSERT INTO Participated (ocurrence, healthProfessional) values (53, 64552572); 

INSERT INTO Participated (ocurrence, healthProfessional) values (52, 17791057); 


INSERT INTO Condition (name, gravity) VALUES ('Acne', 'low');
INSERT INTO Condition (name, gravity) VALUES ('Allergies', 'low');
INSERT INTO Condition (name, gravity) VALUES ('Alzheimer''s disease', 'high');
INSERT INTO Condition (name, gravity) VALUES ('Anal cancer', 'high');
INSERT INTO Condition (name, gravity) VALUES ('Appendicitis', 'high');
INSERT INTO Condition (name, gravity) VALUES ('Arthritis', 'medium');
INSERT INTO Condition (name, gravity) VALUES ('Asthma', 'medium');
INSERT INTO Condition (name, gravity) VALUES ('Autistic spectrum disorder', 'high');
INSERT INTO Condition (name, gravity) VALUES ('Bacterial vaginosis', 'high');
INSERT INTO Condition (name, gravity) VALUES ('Bipolar disorder', 'medium');
INSERT INTO Condition (name, gravity) VALUES ('Bladder cancer', 'high');
INSERT INTO Condition (name, gravity) VALUES ('Blood poisoning (sepsis)', 'high');
INSERT INTO Condition (name, gravity) VALUES ('Bone cancer', 'high');
INSERT INTO Condition (name, gravity) VALUES ('Bowel incontinence', 'medium');
INSERT INTO Condition (name, gravity) VALUES ('Brain tumours', 'high');
INSERT INTO Condition (name, gravity) VALUES ('Breast cancer', 'high');
INSERT INTO Condition (name, gravity) VALUES ('Bronchitis', 'low');
INSERT INTO Condition (name, gravity) VALUES ('Bulimia', 'low');
INSERT INTO Condition (name, gravity) VALUES ('Cervical cancer', 'high');
INSERT INTO Condition (name, gravity) VALUES ('Chest infection', 'high');
INSERT INTO Condition (name, gravity) VALUES ('Chickenpox', 'high');
INSERT INTO Condition (name, gravity) VALUES ('Chronic fatigue syndrome', 'low');
INSERT INTO Condition (name, gravity) VALUES ('Cirrhosis', 'high');
INSERT INTO Condition (name, gravity) VALUES ('Common cold', 'low');
INSERT INTO Condition (name, gravity) VALUES ('Congenital heart disease', 'medium');
INSERT INTO Condition (name, gravity) VALUES ('Conjunctivitis', 'medium');
INSERT INTO Condition (name, gravity) VALUES ('Coronavirus (COVID-19)', 'high');
INSERT INTO Condition (name, gravity) VALUES ('Cough', 'low');
INSERT INTO Condition (name, gravity) VALUES ('Crohn''s disease', 'high');
INSERT INTO Condition (name, gravity) VALUES ('Cystic fibrosis', 'high');
INSERT INTO Condition (name, gravity) VALUES ('Cystitis', 'medium');
INSERT INTO Condition (name, gravity) VALUES ('Deep vein thrombosis', 'high');
INSERT INTO Condition (name, gravity) VALUES ('Dementia', 'high');
INSERT INTO Condition (name, gravity) VALUES ('Dental abscess', 'high');
INSERT INTO Condition (name, gravity) VALUES ('Diabetes', 'medium');
INSERT INTO Condition (name, gravity) VALUES ('Down''s syndrome', 'high');
INSERT INTO Condition (name, gravity) VALUES ('Earwax buil-up', 'low');
INSERT INTO Condition (name, gravity) VALUES ('Ebola virus disease', 'high');
INSERT INTO Condition (name, gravity) VALUES ('Epilepsy', 'medium');
INSERT INTO Condition (name, gravity) VALUES ('Erectile dysfunction (impotence)', 'medium');
INSERT INTO Condition (name, gravity) VALUES ('Fibrosis', 'medium');
INSERT INTO Condition (name, gravity) VALUES ('Fibromyalgia', 'medium');
INSERT INTO Condition (name, gravity) VALUES ('Gastro-oesophageal reflux disease (GORD)', 'low');
INSERT INTO Condition (name, gravity) VALUES ('Genital herpes', 'medium');
INSERT INTO Condition (name, gravity) VALUES ('Haemorrhoids', 'medium');
INSERT INTO Condition (name, gravity) VALUES ('Hearing loss', 'medium');
INSERT INTO Condition (name, gravity) VALUES ('Hepatitis A', 'medium');
INSERT INTO Condition (name, gravity) VALUES ('Hepatitis B', 'high');
INSERT INTO Condition (name, gravity) VALUES ('Hepatitis C', 'high');
INSERT INTO Condition (name, gravity) VALUES ('High cholesterol', 'medium');
INSERT INTO Condition (name, gravity) VALUES ('HIV', 'high');

insert into Medication (patientCC, condition, name, quantity) values (51236915, 'Acne', 'methimazole', 1);
insert into Medication (patientCC, condition, name, quantity) values (55749253, 'Allergies', 'Octinoxate', 10);
insert into Medication (patientCC, condition, name, quantity) values (55164585, 'Alzheimer''s disease', 'Salicylic Acid', 2);
insert into Medication (patientCC, condition, name, quantity) values (11600891, 'Anal cancer', 'CALENDULA OFFICINALIS FLOWERING TOP and Thuja occidentalis leafy twig', 7);
insert into Medication (patientCC, condition, name, quantity) values (61332834, 'Appendicitis', 'Titanium Dioxide and Zinc Oxide', 10);
insert into Medication (patientCC, condition, name, quantity) values (61217883, 'Arthritis', 'Arnica Scorodite', 8);
insert into Medication (patientCC, condition, name, quantity) values (66567575, 'Asthma', 'SODIUM MONOFLUOROPHOSPHATE', 9);
insert into Medication (patientCC, condition, name, quantity) values (22783934, 'Autistic spectrum disorder', 'Metoprolol tartrate', 7);
insert into Medication (patientCC, condition, name, quantity) values (96478882, 'Bacterial vaginosis', 'DIOSCOREA VILLOSA ROOT, GINGER', 7);
insert into Medication (patientCC, condition, name, quantity) values (41669519, 'Bipolar disorder', 'American Cockroach', 8);
insert into Medication (patientCC, condition, name, quantity) values (28764413, 'Bladder cancer', 'Rose Bengal Sodium', 1);
insert into Medication (patientCC, condition, name, quantity) values (82752236, 'Blood poisoning (sepsis)', 'alnus incana subsp. rugosa pollen', 8);
insert into Medication (patientCC, condition, name, quantity) values (46641929, 'Bone cancer', 'Tamsulosin Hydrochloride', 10);
insert into Medication (patientCC, condition, name, quantity) values (47307930, 'Bowel incontinence', 'Sulfacetamide Sodium and Sulfur', 1);
insert into Medication (patientCC, condition, name, quantity) values (96565471, 'Brain tumours', 'Cyclobenzaprine Hydrochloride', 8);
insert into Medication (patientCC, condition, name, quantity) values (79224890, 'Breast cancer', 'Topotecan', 4);
insert into Medication (patientCC, condition, name, quantity) values (93288105, 'Bronchitis', 'Neomycin sulfate, Polymyxin B Sulfate and Hydrocortisone', 2);
insert into Medication (patientCC, condition, name, quantity) values (16670756, 'Bulimia', 'ANTIMICROBIAL DRUG PRODUCT', 3);
insert into Medication (patientCC, condition, name, quantity) values (26597547, 'Cervical cancer', 'Titanium Dioxide', 9);
insert into Medication (patientCC, condition, name, quantity) values (88131651, 'Chest infection', 'Benzalkonium chloride', 9);
insert into Medication (patientCC, condition, name, quantity) values (94372748, 'Chickenpox', 'PROCHLORPERAZINE MALEATE', 3);
insert into Medication (patientCC, condition, name, quantity) values (13380693, 'Chronic fatigue syndrome', 'PROMETHAZINE HYDROCHLORIDE AND CODEINE PHOSPHATE', 10);
insert into Medication (patientCC, condition, name, quantity) values (44430510, 'Cirrhosis', 'Diphenhydramine HCl', 2);
insert into Medication (patientCC, condition, name, quantity) values (48936567, 'Common cold', 'Aconitum nap., Anacardium orientale, Arg. nit., Arsenicum alb., Cypripedium,Gelsemium, Ignatia, Kali carb., Lycopodium, Nat. mur., Phosphorus, Sambucus nig., Sepia, Staphysag., Stramonium, Tarentula hispana,Theridion, Passiflora, Valeriana', 6);
insert into Medication (patientCC, condition, name, quantity) values (16112684, 'Cough', 'AVOBENZONE, OCTINOXATE', 7);
insert into Medication (patientCC, condition, name, quantity) values (96642458, 'Conjunctivitis', 'Salicylic Acid', 9);
insert into Medication (patientCC, condition, name, quantity) values (10226927, 'Common cold', 'quinapril', 9);
insert into Medication (patientCC, condition, name, quantity) values (32669329, 'Cough', 'OCTINOXATE and TITANIUM DIOXIDE', 8);
insert into Medication (patientCC, condition, name, quantity) values (67258453, 'Crohn''s disease', 'TRAZODONE HYDROCHLORIDE', 4);
insert into Medication (patientCC, condition, name, quantity) values (97289982, 'Cystic fibrosis', 'ATROPA BELLADONNA and OPIUM', 2);
insert into Medication (patientCC, condition, name, quantity) values (78193499, 'Cystitis', 'COFFEA CRUDA', 2);
insert into Medication (patientCC, condition, name, quantity) values (18544378, 'Deep vein thrombosis', 'RANITIDINE', 8);
insert into Medication (patientCC, condition, name, quantity) values (74733965, 'Dementia', 'Sulfamethoxazole and Trimethoprim', 9);
insert into Medication (patientCC, condition, name, quantity) values (35069349, 'Dental abscess', 'Peppermint Candy Cane Lip Balm', 8);
insert into Medication (patientCC, condition, name, quantity) values (64552572, 'Diabetes', 'Acetaminophen', 3);
insert into Medication (patientCC, condition, name, quantity) values (21619901, 'Down''s syndrome', 'ziprasidone hydrochloride', 3);
insert into Medication (patientCC, condition, name, quantity) values (71210599, 'Earwax buil-up', 'Menthol', 4);
insert into Medication (patientCC, condition, name, quantity) values (16643950, 'Ebola virus disease', 'Ribavirin', 7);
insert into Medication (patientCC, condition, name, quantity) values (57257607, 'Cough', 'Sulfamethoxazole and Trimethoprim', 3);
insert into Medication (patientCC, condition, name, quantity) values (44643933, 'Erectile dysfunction (impotence)', 'Metoprolol succinate', 5);
insert into Medication (patientCC, condition, name, quantity) values (95862914, 'Fibrosis', 'TITANIUM DIOXIDE', 8);
insert into Medication (patientCC, condition, name, quantity) values (17404218, 'Fibromyalgia', 'OCTINOXATE, OCTOCRYLENE, AVOBENZONE', 8);
insert into Medication (patientCC, condition, name, quantity) values (91684577, 'Gastro-oesophageal reflux disease (GORD)', 'fluvoxamine maleate', 3);
insert into Medication (patientCC, condition, name, quantity) values (80108542, 'Genital herpes', 'Diphenhydramine Hydrochloride and Zinc Acetate', 5);
insert into Medication (patientCC, condition, name, quantity) values (56497676, 'Haemorrhoids', 'HUMAN IMMUNOGLOBULIN G', 10);
insert into Medication (patientCC, condition, name, quantity) values (28339320, 'Hearing loss', 'Acetaminophen, Dextromethorphan Hydrobromide, Guaifenesin, Phenylephrine Hydrochloride', 6);
insert into Medication (patientCC, condition, name, quantity) values (33008447, 'Hepatitis A', 'Titanium Dioxide', 9);
insert into Medication (patientCC, condition, name, quantity) values (30010215, 'Hepatitis B', 'Giant Wild Rye', 1);
insert into Medication (patientCC, condition, name, quantity) values (81467203, 'Hepatitis C', 'Cinnamon', 2);
insert into Medication (patientCC, condition, name, quantity) values (57952589, 'High cholesterol', 'imiquimod', 8);
insert into Medication (patientCC, condition, name, quantity) values (90293050, 'HIV', 'RALTEGRAVIR', 8);
insert into Medication (patientCC, condition, name, quantity) values (55749253, 'Acne', 'RALTEGRAVIR', 8);
insert into Medication (patientCC, condition, name, quantity) values (55164585, 'Hepatitis A', 'Avobenzone Homosalate Octisalate Octocrylene Oxybenzone', 9);
insert into Medication (patientCC, condition, name, quantity) values (11600891, 'Epilepsy', 'alcohol', 10);
insert into Medication (patientCC, condition, name, quantity) values (61332834, 'Coronavirus (COVID-19)', 'Quetiapine fumarate', 6);
insert into Medication (patientCC, condition, name, quantity) values (61217883, 'Allergies', 'Nitroglycerin', 7);
insert into Medication (patientCC, condition, name, quantity) values (66567575, 'Bone cancer', 'Leuprolide Acetate', 6);
insert into Medication (patientCC, condition, name, quantity) values (22783934, 'Cough', 'Acetaminophen', 7);
insert into Medication (patientCC, condition, name, quantity) values (96478882, 'Chest infection', 'Mometasone Furoate', 2);
insert into Medication (patientCC, condition, name, quantity) values (41669519, 'Common cold', 'Amlobenz', 8);
insert into Medication (patientCC, condition, name, quantity) values (28764413, 'Conjunctivitis', 'Levetiracetam', 8);
insert into Medication (patientCC, condition, name, quantity) values (82752236, 'Diabetes', 'Verapamil Hydrochloride', 2);
insert into Medication (patientCC, condition, name, quantity) values (46641929, 'Genital herpes', 'dextromethorphan hydrobromide and phenylephrine hydrochloride and pyrilamine maleate', 4);
insert into Medication (patientCC, condition, name, quantity) values (47307930, 'Ebola virus disease', 'Mometasone Furoate', 1);
insert into Medication (patientCC, condition, name, quantity) values (96565471, 'Erectile dysfunction (impotence)', 'OCTINOXATE, OXYBENZONE, and TITANIUM DIOXIDE', 3);
insert into Medication (patientCC, condition, name, quantity) values (79224890, 'Fibromyalgia', 'Bumetanide', 6);
insert into Medication (patientCC, condition, name, quantity) values (93288105, 'Haemorrhoids', 'ERIODICTYON CALIFORNICUM, IPECACUANHA, LOBELIA INFLATA, BELLADONNA, SOLIDAGO VIRGAUREA, SAMBUCUS NIGRA, CRATAEGUS', 9);
insert into Medication (patientCC, condition, name, quantity) values (16670756, 'High cholesterol', 'Dimethicone', 9);
insert into Medication (patientCC, condition, name, quantity) values (26597547, 'Hearing loss', 'Etodolac', 2);
insert into Medication (patientCC, condition, name, quantity) values (88131651, 'Gastro-oesophageal reflux disease (GORD)', 'Aluminum zirconium tetrachlorohydrex gly', 5);
insert into Medication (patientCC, condition, name, quantity) values (94372748, 'Earwax buil-up', 'Hydrocortisone', 3);
insert into Medication (patientCC, condition, name, quantity) values (13380693, 'Diabetes', 'mucor circinelloides f. lusitanicus', 6);
insert into Medication (patientCC, condition, name, quantity) values (44430510, 'HIV', 'Aspirin', 10);
insert into Medication (patientCC, condition, name, quantity) values (48936567, 'Cystitis', 'Diphenhydramine HCl', 6);
insert into Medication (patientCC, condition, name, quantity) values (16112684, 'Congenital heart disease', 'A and D Ointment', 10);
insert into Medication (patientCC, condition, name, quantity) values (96642458, 'Cough', 'Amiloride Hydrochloride', 6);
insert into Medication (patientCC, condition, name, quantity) values (10226927, 'Cough', 'MATRICARIA CHAMOMILLA FLOWERING TOP OIL', 9);
insert into Medication (patientCC, condition, name, quantity) values (32669329, 'Deep vein thrombosis', 'Acetaminophen, Dextromethorphan Hydrobromide, and Phenylephrine Hydrochloride', 7);
insert into Medication (patientCC, condition, name, quantity) values (67258453, 'Dental abscess', 'Metformin Hydrochloride', 3);
insert into Medication (patientCC, condition, name, quantity) values (97289982, 'Cirrhosis', 'Potassium Gluconate, Glandula Suprarenalis Suis, Hepar Suis, Canary Feathers, Standardized Cat Hair, Cattle Epithelia, Chicken Feathers', 9);
insert into Medication (patientCC, condition, name, quantity) values (78193499, 'Bacterial vaginosis', 'BENZALKONIUM CHLORIDE', 8);
insert into Medication (patientCC, condition, name, quantity) values (18544378, 'Asthma', 'VISCUM ALBUM FRUITING TOP', 5);
insert into Medication (patientCC, condition, name, quantity) values (74733965, 'Alzheimer''s disease', 'Avobenzone, Homosalate, Octisalate, and Octocrylene', 8);
insert into Medication (patientCC, condition, name, quantity) values (35069349, 'Bipolar disorder', 'Sulindac', 7);
insert into Medication (patientCC, condition, name, quantity) values (64552572, 'Anal cancer', 'Povidone Iodine', 1);
insert into Medication (patientCC, condition, name, quantity) values (21619901, 'Brain tumours', 'ALCOHOL', 2);
insert into Medication (patientCC, condition, name, quantity) values (71210599, 'Chickenpox', 'Allopurinol', 10);
insert into Medication (patientCC, condition, name, quantity) values (16643950, 'Dementia', 'BENZALKONIUM CHLORIDE', 10);
insert into Medication (patientCC, condition, name, quantity) values (57257607, 'Common cold', 'prednicarbate', 1);
insert into Medication (patientCC, condition, name, quantity) values (44643933, 'High cholesterol', 'OCTINOXATE, OCTISALATE, AVOBENZONE, OCTOCRYLENE', 5);
insert into Medication (patientCC, condition, name, quantity) values (95862914, 'Bronchitis', 'DL-Camphor L-Menthol Methyl Salicylate', 1);
insert into Medication (patientCC, condition, name, quantity) values (17404218, 'Chest infection', 'Diltiazem Hydrochloride', 8);
insert into Medication (patientCC, condition, name, quantity) values (91684577, 'Chronic fatigue syndrome', 'OCTINOXATE, OCTOCRYLENE, and TITANIUM DIOXIDE', 1);
insert into Medication (patientCC, condition, name, quantity) values (80108542, 'Arthritis', 'interferon beta-1a', 1);
insert into Medication (patientCC, condition, name, quantity) values (56497676, 'Bowel incontinence', 'Hydrocortisone', 3);
insert into Medication (patientCC, condition, name, quantity) values (28339320, 'Cystic fibrosis', 'Levothyroxine Sodium', 5);
insert into Medication (patientCC, condition, name, quantity) values (33008447, 'Ebola virus disease', 'canagliflozin and metformin hydrochloride', 3);
insert into Medication (patientCC, condition, name, quantity) values (30010215, 'Fibromyalgia', 'Alclometasone Dipropionate', 9);
insert into Medication (patientCC, condition, name, quantity) values (81467203, 'Cervical cancer', 'Escitalopram', 10);
insert into Medication (patientCC, condition, name, quantity) values (57952589, 'Allergies', 'OCTINOXATE', 8);
insert into Medication (patientCC, condition, name, quantity) values (90293050, 'Acne', 'Lansoprazole', 6);
insert into Medication (patientCC, condition, name, quantity) values (80108542, 'Acne', 'Lansoprazole', 6);
insert into Medication (patientCC, condition, name, quantity) values (57952589, 'Acne', 'Lansoprazole', 6);
insert into Medication (patientCC, condition, name, quantity) values (28339320, 'Acne', 'Lansoprazole', 6);
insert into Medication (patientCC, condition, name, quantity) values (30010215, 'Cervical cancer', 'Escitalopram', 10);
insert into Medication (patientCC, condition, name, quantity) values (78193499, 'Cervical cancer', 'Escitalopram', 10);
insert into Medication (patientCC, condition, name, quantity) values (94372748, 'Cervical cancer', 'Escitalopram', 10);
insert into Medication (patientCC, condition, name, quantity) values (96565471, 'Cervical cancer', 'Escitalopram', 10);