insert into Hospital (name, region, openingDate, address) values ('Schiller-Maggio', 'Norte', '1971-11-01 03:38:42', '20 Cordelia Place');
insert into Hospital (name, region, openingDate, address) values ('Nader-Ryan', 'Madeira', '1998-07-11 21:16:15', '10 Crownhardt Center');
insert into Hospital (name, region, openingDate, address) values ('Deckow-Jenkins', 'Centro', '1973-08-16 07:29:28', '5 Holy Cross Junction');
insert into Hospital (name, region, openingDate, address) values ('Morissette, Auer and Hackett', 'Algarve', '2011-12-17 03:39:48', '5 Forest Way');
insert into Hospital (name, region, openingDate, address) values ('Farrell Group', 'Açores', '1996-10-06 21:26:23', '911 Dottie Circle');
insert into Hospital (name, region, openingDate, address) values ('Muller-Schulist', 'Lisboa e Vale do Tejo', '1972-03-21 06:01:24', '9 Fieldstone Circle');

insert into Person (cc, name, birthDate) values (20289661, 'Clo Kealy', '2005-08-31 19:38:33');
insert into Person (cc, name, birthDate) values (53212792, 'Honey Idiens', '1999-11-18 08:17:29');
insert into Person (cc, name, birthDate) values (11442972, 'Herbie Denge', '2019-11-06 17:05:01');
insert into Person (cc, name, birthDate) values (16320204, 'Clo Hebbard', '1977-05-11 02:30:36');
insert into Person (cc, name, birthDate) values (42556665, 'Lyda Timperley', '1995-06-07 20:00:04');
insert into Person (cc, name, birthDate) values (11969601, 'Marice Wass', '2002-04-12 07:01:59');
insert into Person (cc, name, birthDate) values (12449325, 'Jessika Dodgshun', '2013-05-17 10:52:17');
insert into Person (cc, name, birthDate) values (29609993, 'Baily Rouby', '1997-07-28 10:43:48');
insert into Person (cc, name, birthDate) values (85324786, 'Gamaliel Dearan', '2007-05-19 16:20:57');
insert into Person (cc, name, birthDate) values (63330376, 'Arielle Lambell', '1973-10-30 19:24:02');
insert into Person (cc, name, birthDate) values (46744450, 'Kassi Sprigings', '1970-12-24 18:48:14');
insert into Person (cc, name, birthDate) values (48451611, 'Lucias Krauss', '2006-07-28 04:11:34');
insert into Person (cc, name, birthDate) values (80957540, 'Mitchell Nevill', '1985-10-24 12:28:12');
insert into Person (cc, name, birthDate) values (62603422, 'Rockwell Leveridge', '1996-08-10 10:13:59');
insert into Person (cc, name, birthDate) values (63416674, 'Noel Rimbault', '1970-07-26 12:48:55');
insert into Person (cc, name, birthDate) values (59884274, 'Rosco Walsh', '1991-06-27 20:39:46');
insert into Person (cc, name, birthDate) values (25414083, 'Gareth Vidyapin', '1994-06-15 22:16:49');
insert into Person (cc, name, birthDate) values (25350004, 'Cymbre Mebes', '1993-02-18 05:52:51');
insert into Person (cc, name, birthDate) values (46519968, 'Leda Soper', '1973-02-17 03:46:37');
insert into Person (cc, name, birthDate) values (72863648, 'Dedie Whales', '2014-04-09 01:10:45');
insert into Person (cc, name, birthDate) values (63400671, 'Eustace Charnley', '1990-10-14 13:56:06');
insert into Person (cc, name, birthDate) values (39999088, 'Claudine Sleeman', '2001-06-19 00:08:05');
insert into Person (cc, name, birthDate) values (60745115, 'Imelda Borborough', '1977-01-07 18:09:01');
insert into Person (cc, name, birthDate) values (89035321, 'Saleem Fierman', '2008-02-03 22:09:39');
insert into Person (cc, name, birthDate) values (51236915, 'Reinald Graine', '2009-08-07 01:48:35');
insert into Person (cc, name, birthDate) values (55749253, 'Diena Machin', '1984-08-09 02:58:38');
insert into Person (cc, name, birthDate) values (55164585, 'Shelbi Breukelman', '1994-07-18 22:47:56');
insert into Person (cc, name, birthDate) values (11600891, 'Free Really', '2021-02-21 21:22:12');
insert into Person (cc, name, birthDate) values (61332834, 'Bobbette Endricci', '1982-05-13 17:37:44');
insert into Person (cc, name, birthDate) values (61217883, 'Dorita Amberger', '1998-09-18 23:37:44');
insert into Person (cc, name, birthDate) values (66567575, 'Chelsy Whorton', '1970-10-28 07:32:26');
insert into Person (cc, name, birthDate) values (22783934, 'Gavrielle Balser', '1979-07-29 16:11:17');
insert into Person (cc, name, birthDate) values (96478882, 'Sybilla Pattisson', '1981-10-01 19:41:07');
insert into Person (cc, name, birthDate) values (41669519, 'Cleavland Tomkin', '2004-03-28 00:12:49');
insert into Person (cc, name, birthDate) values (28764413, 'Zebadiah Kime', '2018-10-15 21:16:14');
insert into Person (cc, name, birthDate) values (82752236, 'Chic Sager', '2011-04-10 07:11:11');
insert into Person (cc, name, birthDate) values (46641929, 'Shellie Schwant', '1984-12-14 21:15:31');
insert into Person (cc, name, birthDate) values (47307930, 'Darcy Carruth', '1992-02-23 08:38:10');
insert into Person (cc, name, birthDate) values (96565471, 'Lavina Volette', '1977-10-09 12:08:06');
insert into Person (cc, name, birthDate) values (79224890, 'Abigale Willimot', '1986-10-26 22:09:10');
insert into Person (cc, name, birthDate) values (93288105, 'Kalinda McCarle', '2004-03-24 02:55:27');
insert into Person (cc, name, birthDate) values (16670756, 'Dyan Haswell', '2002-02-16 11:50:40');
insert into Person (cc, name, birthDate) values (26597547, 'Thorvald Nowak', '1982-07-15 18:32:55');
insert into Person (cc, name, birthDate) values (88131651, 'Kit Lemoir', '2018-10-17 00:23:42');
insert into Person (cc, name, birthDate) values (94372748, 'Deni Haseley', '1990-11-08 07:00:23');
insert into Person (cc, name, birthDate) values (13380693, 'Augustine Mumbeson', '1997-08-25 22:57:59');
insert into Person (cc, name, birthDate) values (44430510, 'Gladys De Wolfe', '2011-07-01 12:57:19');
insert into Person (cc, name, birthDate) values (48936567, 'Flori Janowski', '1981-05-04 07:17:06');
insert into Person (cc, name, birthDate) values (16112684, 'Darby McCheyne', '1988-06-04 00:01:05');
insert into Person (cc, name, birthDate) values (96642458, 'Brett Lyte', '1973-10-26 23:07:16');
insert into Person (cc, name, birthDate) values (10226927, 'Arie Scamal', '1987-04-21 16:36:06');
insert into Person (cc, name, birthDate) values (32669329, 'Jamima Geeritz', '1995-08-24 23:30:07');
insert into Person (cc, name, birthDate) values (67258453, 'Gerry Kaine', '2009-05-12 16:19:00');
insert into Person (cc, name, birthDate) values (97289982, 'Stevy Skim', '1995-10-15 14:58:13');
insert into Person (cc, name, birthDate) values (78193499, 'Latia Ballach', '1993-11-04 09:16:08');
insert into Person (cc, name, birthDate) values (18544378, 'Letty Fligg', '2018-05-17 08:11:04');
insert into Person (cc, name, birthDate) values (74733965, 'Ashby Jacox', '2002-02-07 19:22:07');
insert into Person (cc, name, birthDate) values (35069349, 'Dulciana Davidge', '1993-11-09 08:08:19');
insert into Person (cc, name, birthDate) values (64552572, 'Ezra Shewring', '1992-02-08 18:03:54');
insert into Person (cc, name, birthDate) values (21619901, 'Montgomery Sagrott', '2009-12-28 10:19:55');
insert into Person (cc, name, birthDate) values (71210599, 'Harald Gold', '2009-09-14 07:44:42');
insert into Person (cc, name, birthDate) values (16643950, 'Rebekah Lates', '1981-07-23 11:07:07');
insert into Person (cc, name, birthDate) values (57257607, 'Tibold Canny', '1991-04-27 18:16:00');
insert into Person (cc, name, birthDate) values (44643933, 'Gustavo Dominik', '2010-07-21 07:43:34');
insert into Person (cc, name, birthDate) values (95862914, 'Davin Inggall', '1995-10-13 12:24:36');
insert into Person (cc, name, birthDate) values (17404218, 'Drona Rosewall', '1978-03-26 09:25:20');
insert into Person (cc, name, birthDate) values (91684577, 'Alfred Tarquini', '2017-08-23 17:36:58');
insert into Person (cc, name, birthDate) values (80108542, 'Sayre Reeds', '1993-12-05 22:58:29');
insert into Person (cc, name, birthDate) values (56497676, 'Heddie Shutler', '1977-12-26 07:55:02');
insert into Person (cc, name, birthDate) values (28339320, 'Rab Yockney', '1997-08-01 22:35:10');
insert into Person (cc, name, birthDate) values (33008447, 'Selena Hamerton', '1995-11-13 17:31:32');
insert into Person (cc, name, birthDate) values (30010215, 'Nelly Rabbitts', '2004-06-22 07:11:11');
insert into Person (cc, name, birthDate) values (81467203, 'Viva Fraczkiewicz', '2016-05-26 17:52:23');
insert into Person (cc, name, birthDate) values (57952589, 'Orin Revington', '1996-10-21 02:43:40');
insert into Person (cc, name, birthDate) values (90293050, 'Harwell Civitillo', '1980-06-07 22:56:25');
insert into Person (cc, name, birthDate) values (44082554, 'Brendon Walne', '1974-08-11 03:58:23');
insert into Person (cc, name, birthDate) values (21744097, 'Celia Sinnat', '1999-12-28 01:11:17');
insert into Person (cc, name, birthDate) values (15623383, 'Angeli Polding', '1999-07-26 22:58:11');
insert into Person (cc, name, birthDate) values (62421857, 'Doyle Muffett', '1974-12-10 00:59:31');
insert into Person (cc, name, birthDate) values (33114157, 'Johnath Barbery', '2009-09-18 21:09:05');
insert into Person (cc, name, birthDate) values (16785706, 'Brear Howsam', '2008-09-07 13:22:35');
insert into Person (cc, name, birthDate) values (22730650, 'Concordia MacRory', '1975-12-03 18:19:27');
insert into Person (cc, name, birthDate) values (23013972, 'Cordy Reace', '1988-04-24 08:25:51');
insert into Person (cc, name, birthDate) values (83804820, 'Alvin Rice', '2019-11-16 04:40:27');
insert into Person (cc, name, birthDate) values (92275267, 'Artus Axten', '1994-06-25 11:00:43');
insert into Person (cc, name, birthDate) values (49539395, 'Fonsie Quenby', '1979-08-23 01:57:11');
insert into Person (cc, name, birthDate) values (21014334, 'Glynis O''Lenane', '1973-06-05 02:36:19');
insert into Person (cc, name, birthDate) values (98318812, 'Forester Loudwell', '2020-09-29 06:29:40');
insert into Person (cc, name, birthDate) values (56417746, 'Napoleon McCathie', '2004-12-12 13:16:56');
insert into Person (cc, name, birthDate) values (56665880, 'Harriot Gunthorpe', '1991-05-28 14:09:36');
insert into Person (cc, name, birthDate) values (49541323, 'Salvador Rampling', '1992-12-03 06:25:50');
insert into Person (cc, name, birthDate) values (31930709, 'Zacherie Boner', '2006-05-06 08:51:25');
insert into Person (cc, name, birthDate) values (60058126, 'Fitzgerald O'' Bee', '2006-12-12 19:02:33');
insert into Person (cc, name, birthDate) values (17261544, 'Hervey Beetles', '2009-02-25 16:19:02');
insert into Person (cc, name, birthDate) values (77694559, 'Carolina Driuzzi', '1994-05-23 07:34:58');
insert into Person (cc, name, birthDate) values (70087289, 'Ethyl Chesshire', '1976-05-27 08:41:31');
insert into Person (cc, name, birthDate) values (96570562, 'Barty Robens', '1985-04-02 04:51:54');
insert into Person (cc, name, birthDate) values (44398698, 'Elia Rathborne', '1975-02-20 03:28:12');
insert into Person (cc, name, birthDate) values (92971884, 'Daryl Joseland', '2012-05-26 09:36:12');
insert into Person (cc, name, birthDate) values (17791057, 'Chris Maccaig', '2001-01-28 04:29:48');

insert into Patient (cc, insuranceName, healthUserNumber) values (20289661, 'Fliptune', 447204780); 
insert into Patient (cc, insuranceName, healthUserNumber) values (53212792, 'Linkbuzz', 322697248); 
insert into Patient (cc, insuranceName, healthUserNumber) values (11442972, 'Twinder', 740528921); 
insert into Patient (cc, insuranceName, healthUserNumber) values (16320204, 'Eabox', 275372779); 
insert into Patient (cc, insuranceName, healthUserNumber) values (42556665, 'Babbleset', 641762295); 
insert into Patient (cc, insuranceName, healthUserNumber) values (11969601, 'Realmix', 754588955); 
insert into Patient (cc, insuranceName, healthUserNumber) values (12449325, 'Zoomdog', 541463097); 
insert into Patient (cc, insuranceName, healthUserNumber) values (29609993, 'Babbleblab', 106757685); 
insert into Patient (cc, insuranceName, healthUserNumber) values (85324786, 'Tagcat', 502160561); 
insert into Patient (cc, insuranceName, healthUserNumber) values (63330376, 'Voonix', 550964085); 
insert into Patient (cc, insuranceName, healthUserNumber) values (46744450, 'Dazzlesphere', 257009706); 
insert into Patient (cc, insuranceName, healthUserNumber) values (48451611, 'Mita', 346269620); 
insert into Patient (cc, insuranceName, healthUserNumber) values (80957540, 'Eire', 683319926); 
insert into Patient (cc, insuranceName, healthUserNumber) values (62603422, 'Kwilith', 910658843); 
insert into Patient (cc, insuranceName, healthUserNumber) values (63416674, 'Dabjam', 839901353); 
insert into Patient (cc, insuranceName, healthUserNumber) values (59884274, 'Yamia', 994210147); 
insert into Patient (cc, insuranceName, healthUserNumber) values (25414083, 'Lajo', 644896773); 
insert into Patient (cc, insuranceName, healthUserNumber) values (25350004, 'Zoomzone', 123402171); 
insert into Patient (cc, insuranceName, healthUserNumber) values (46519968, 'Twitterlist', 837157836); 
insert into Patient (cc, insuranceName, healthUserNumber) values (72863648, 'Zoovu', 808097865); 
insert into Patient (cc, insuranceName, healthUserNumber) values (63400671, 'Riffpedia', 108934463); 
insert into Patient (cc, insuranceName, healthUserNumber) values (39999088, 'Quatz', 733599426); 
insert into Patient (cc, insuranceName, healthUserNumber) values (60745115, 'Wikivu', 499428954); 
insert into Patient (cc, insuranceName, healthUserNumber) values (89035321, 'Buzzster', 132530173); 
insert into Patient (cc, insuranceName, healthUserNumber) values (51236915, 'Edgeclub', 154812230); 
insert into Patient (cc, insuranceName, healthUserNumber) values (55749253, 'Mydeo', 307344396); 
insert into Patient (cc, insuranceName, healthUserNumber) values (55164585, 'Voolith', 636364304); 
insert into Patient (cc, insuranceName, healthUserNumber) values (11600891, 'Shufflester', 743962110); 
insert into Patient (cc, insuranceName, healthUserNumber) values (61332834, 'Devcast', 620731119); 
insert into Patient (cc, insuranceName, healthUserNumber) values (61217883, 'Skiba', 234863510); 
insert into Patient (cc, insuranceName, healthUserNumber) values (66567575, 'Oozz', 570565084); 
insert into Patient (cc, insuranceName, healthUserNumber) values (22783934, 'Rhynoodle', 615514219); 
insert into Patient (cc, insuranceName, healthUserNumber) values (96478882, 'Flashspan', 825194022); 
insert into Patient (cc, insuranceName, healthUserNumber) values (41669519, 'Kwimbee', 909615929); 
insert into Patient (cc, insuranceName, healthUserNumber) values (28764413, 'Wikibox', 800234053); 
insert into Patient (cc, insuranceName, healthUserNumber) values (82752236, 'Gigabox', 283415410); 
insert into Patient (cc, insuranceName, healthUserNumber) values (46641929, 'Skyba', 137334586); 
insert into Patient (cc, insuranceName, healthUserNumber) values (47307930, 'Divape', 790784165); 
insert into Patient (cc, insuranceName, healthUserNumber) values (96565471, 'Photospace', 835882441); 
insert into Patient (cc, insuranceName, healthUserNumber) values (79224890, 'Roombo', 176167280); 
insert into Patient (cc, insuranceName, healthUserNumber) values (93288105, 'Jamia', 418701869); 
insert into Patient (cc, insuranceName, healthUserNumber) values (16670756, 'Feedfish', 323443799); 
insert into Patient (cc, insuranceName, healthUserNumber) values (26597547, 'Leenti', 845647936); 
insert into Patient (cc, insuranceName, healthUserNumber) values (88131651, 'Riffwire', 844823819); 
insert into Patient (cc, insuranceName, healthUserNumber) values (94372748, 'Meeveo', 147923014); 
insert into Patient (cc, insuranceName, healthUserNumber) values (13380693, 'Zoomcast', 429313439); 
insert into Patient (cc, insuranceName, healthUserNumber) values (44430510, 'Eare', 926939956); 
insert into Patient (cc, insuranceName, healthUserNumber) values (48936567, 'Pixoboo', 341637124); 
insert into Patient (cc, insuranceName, healthUserNumber) values (16112684, 'Thoughtbridge', 266181366); 
insert into Patient (cc, insuranceName, healthUserNumber) values (96642458, 'Twitterlist', 507907773); 
insert into Patient (cc, insuranceName, healthUserNumber) values (10226927, 'Lajo', 258141811); 
insert into Patient (cc, insuranceName, healthUserNumber) values (32669329, 'Yacero', 450697267); 
insert into Patient (cc, insuranceName, healthUserNumber) values (67258453, 'Thoughtstorm', 347182571); 
insert into Patient (cc, insuranceName, healthUserNumber) values (97289982, 'Plajo', 330536483); 
insert into Patient (cc, insuranceName, healthUserNumber) values (78193499, 'Oyope', 549116140); 
insert into Patient (cc, insuranceName, healthUserNumber) values (18544378, 'Wikivu', 437159543); 
insert into Patient (cc, insuranceName, healthUserNumber) values (74733965, 'Shuffledrive', 678110780); 
insert into Patient (cc, insuranceName, healthUserNumber) values (35069349, 'Viva', 636200013); 
insert into Patient (cc, insuranceName, healthUserNumber) values (64552572, 'Quatz', 615892787); 
insert into Patient (cc, insuranceName, healthUserNumber) values (21619901, 'Bubblebox', 261741234); 
insert into Patient (cc, insuranceName, healthUserNumber) values (71210599, 'Latz', 503612339); 
insert into Patient (cc, insuranceName, healthUserNumber) values (16643950, 'Tazz', 833481622); 
insert into Patient (cc, insuranceName, healthUserNumber) values (57257607, 'Photolist', 301027031); 
insert into Patient (cc, insuranceName, healthUserNumber) values (44643933, 'Demizz', 201466989); 
insert into Patient (cc, insuranceName, healthUserNumber) values (95862914, 'Eidel', 197448436); 
insert into Patient (cc, insuranceName, healthUserNumber) values (17404218, 'Realblab', 173670627); 
insert into Patient (cc, insuranceName, healthUserNumber) values (91684577, 'Photobug', 483862479); 
insert into Patient (cc, insuranceName, healthUserNumber) values (80108542, 'Skaboo', 613791805); 
insert into Patient (cc, insuranceName, healthUserNumber) values (56497676, 'Devify', 535029887); 
insert into Patient (cc, insuranceName, healthUserNumber) values (28339320, 'Ooba', 703109492); 
insert into Patient (cc, insuranceName, healthUserNumber) values (33008447, 'Aimbo', 883867697); 
insert into Patient (cc, insuranceName, healthUserNumber) values (30010215, 'Skippad', 372922020); 
insert into Patient (cc, insuranceName, healthUserNumber) values (81467203, 'Gabspot', 649562802); 
insert into Patient (cc, insuranceName, healthUserNumber) values (57952589, 'Blogtags', 551690310); 
insert into Patient (cc, insuranceName, healthUserNumber) values (90293050, 'Feedbug', 238379244); 

insert into HealthProfessional (cc, yearsOfService, baseSalary) values (10226927, 33, 4736);
insert into HealthProfessional (cc, yearsOfService, baseSalary) values (32669329, 12, 1798);
insert into HealthProfessional (cc, yearsOfService, baseSalary) values (67258453, 44, 792);
insert into HealthProfessional (cc, yearsOfService, baseSalary) values (97289982, 21, 4621);
insert into HealthProfessional (cc, yearsOfService, baseSalary) values (78193499, 7, 1394);
insert into HealthProfessional (cc, yearsOfService, baseSalary) values (18544378, 26, 896);
insert into HealthProfessional (cc, yearsOfService, baseSalary) values (74733965, 45, 2738);
insert into HealthProfessional (cc, yearsOfService, baseSalary) values (35069349, 35, 3677);
insert into HealthProfessional (cc, yearsOfService, baseSalary) values (64552572, 20, 3920);
insert into HealthProfessional (cc, yearsOfService, baseSalary) values (21619901, 39, 2314);
insert into HealthProfessional (cc, yearsOfService, baseSalary) values (71210599, 29, 1150);
insert into HealthProfessional (cc, yearsOfService, baseSalary) values (16643950, 0, 973);
insert into HealthProfessional (cc, yearsOfService, baseSalary) values (57257607, 15, 3193);
insert into HealthProfessional (cc, yearsOfService, baseSalary) values (44643933, 0, 3306);
insert into HealthProfessional (cc, yearsOfService, baseSalary) values (95862914, 30, 3340);
insert into HealthProfessional (cc, yearsOfService, baseSalary) values (17404218, 15, 4163);
insert into HealthProfessional (cc, yearsOfService, baseSalary) values (91684577, 36, 2578);
insert into HealthProfessional (cc, yearsOfService, baseSalary) values (80108542, 19, 1509);
insert into HealthProfessional (cc, yearsOfService, baseSalary) values (56497676, 28, 1851);
insert into HealthProfessional (cc, yearsOfService, baseSalary) values (28339320, 14, 1860);
insert into HealthProfessional (cc, yearsOfService, baseSalary) values (33008447, 6, 849);
insert into HealthProfessional (cc, yearsOfService, baseSalary) values (30010215, 42, 2659);
insert into HealthProfessional (cc, yearsOfService, baseSalary) values (81467203, 41, 4492);
insert into HealthProfessional (cc, yearsOfService, baseSalary) values (57952589, 7, 3142);
insert into HealthProfessional (cc, yearsOfService, baseSalary) values (90293050, 35, 1667);
insert into HealthProfessional (cc, yearsOfService, baseSalary) values (44082554, 23, 2684);
insert into HealthProfessional (cc, yearsOfService, baseSalary) values (21744097, 18, 2801);
insert into HealthProfessional (cc, yearsOfService, baseSalary) values (15623383, 27, 1725);
insert into HealthProfessional (cc, yearsOfService, baseSalary) values (62421857, 23, 4754);
insert into HealthProfessional (cc, yearsOfService, baseSalary) values (33114157, 35, 3642);
insert into HealthProfessional (cc, yearsOfService, baseSalary) values (16785706, 33, 1840);
insert into HealthProfessional (cc, yearsOfService, baseSalary) values (22730650, 45, 1946);
insert into HealthProfessional (cc, yearsOfService, baseSalary) values (23013972, 9, 3351);
insert into HealthProfessional (cc, yearsOfService, baseSalary) values (83804820, 1, 1165);
insert into HealthProfessional (cc, yearsOfService, baseSalary) values (92275267, 4, 3206);
insert into HealthProfessional (cc, yearsOfService, baseSalary) values (49539395, 34, 4089);
insert into HealthProfessional (cc, yearsOfService, baseSalary) values (21014334, 23, 4309);
insert into HealthProfessional (cc, yearsOfService, baseSalary) values (98318812, 42, 1380);
insert into HealthProfessional (cc, yearsOfService, baseSalary) values (56417746, 12, 4247);
insert into HealthProfessional (cc, yearsOfService, baseSalary) values (56665880, 11, 3341);
insert into HealthProfessional (cc, yearsOfService, baseSalary) values (49541323, 25, 3418);
insert into HealthProfessional (cc, yearsOfService, baseSalary) values (31930709, 2, 1151);
insert into HealthProfessional (cc, yearsOfService, baseSalary) values (60058126, 33, 2562);
insert into HealthProfessional (cc, yearsOfService, baseSalary) values (17261544, 7, 4277);
insert into HealthProfessional (cc, yearsOfService, baseSalary) values (77694559, 29, 2541);
insert into HealthProfessional (cc, yearsOfService, baseSalary) values (70087289, 24, 2959);
insert into HealthProfessional (cc, yearsOfService, baseSalary) values (96570562, 30, 2720);
insert into HealthProfessional (cc, yearsOfService, baseSalary) values (44398698, 29, 2212);
insert into HealthProfessional (cc, yearsOfService, baseSalary) values (92971884, 11, 3306);
insert into HealthProfessional (cc, yearsOfService, baseSalary) values (17791057, 28, 3298);

insert into Unit (name, hospital, openingDate, phone, head) values ('Radiology', 'Schiller-Maggio', '2011-05-31 19:26:22', 811750634, 10226927);
insert into Unit (name, hospital, openingDate, phone, head) values ('Urgencies', 'Schiller-Maggio', '1986-04-18 02:57:12', 573198689, 32669329);
insert into Unit (name, hospital, openingDate, phone, head) values ('Cardiology', 'Schiller-Maggio', '1992-05-13 18:58:30', 772357869, 67258453);
insert into Unit (name, hospital, openingDate, phone, head) values ('Intensive Care', 'Schiller-Maggio', '2003-10-26 17:01:32', 117754139, 97289982);
insert into Unit (name, hospital, openingDate, phone, head) values ('Cardiology', 'Nader-Ryan', '1975-04-08 22:35:48', 559678332, 78193499);
insert into Unit (name, hospital, openingDate, phone, head) values ('Gynecology', 'Schiller-Maggio', '1976-06-02 11:05:18', 942183072, 18544378);
insert into Unit (name, hospital, openingDate, phone, head) values ('Obstretics', 'Schiller-Maggio', '1985-05-10 17:42:06', 391841151, 74733965);
insert into Unit (name, hospital, openingDate, phone, head) values ('Internment', 'Schiller-Maggio', '1980-10-20 07:36:47', 293511795, 35069349);
insert into Unit (name, hospital, openingDate, phone, head) values ('Allergology', 'Schiller-Maggio', '1993-01-05 05:46:30', 861454973, 64552572);
insert into Unit (name, hospital, openingDate, phone, head) values ('Neurology', 'Nader-Ryan', '2005-05-13 12:57:49', 618833372, 21619901);
insert into Unit (name, hospital, openingDate, phone, head) values ('General Medicine', 'Nader-Ryan', '1982-03-16 17:56:58', 535735052, 71210599);
insert into Unit (name, hospital, openingDate, phone, head) values ('Neurology', 'Morissette, Auer and Hackett', '2015-07-12 18:44:50', 572513194, 16643950);
insert into Unit (name, hospital, openingDate, phone, head) values ('Psychiatry', 'Nader-Ryan', '1991-08-23 23:51:42', 342352866, 57257607);
insert into Unit (name, hospital, openingDate, phone, head) values ('Neurology', 'Deckow-Jenkins', '1981-01-24 15:29:35', 803089815, 44643933);
insert into Unit (name, hospital, openingDate, phone, head) values ('Oncology', 'Nader-Ryan', '1979-12-03 12:42:03', 334008015, 95862914);
insert into Unit (name, hospital, openingDate, phone, head) values ('Urgencies', 'Nader-Ryan', '2020-01-27 10:09:36', 644980088, 17404218);
insert into Unit (name, hospital, openingDate, phone, head) values ('Allergology', 'Deckow-Jenkins', '1995-02-11 05:14:40', 235755947, 91684577);
insert into Unit (name, hospital, openingDate, phone, head) values ('General Medicine', 'Deckow-Jenkins', '1980-01-03 08:16:51', 600010010, 80108542);
insert into Unit (name, hospital, openingDate, phone, head) values ('Dermatology', 'Deckow-Jenkins', '1971-11-07 23:34:31', 350543256, 56497676);
insert into Unit (name, hospital, openingDate, phone, head) values ('Internment', 'Deckow-Jenkins', '1995-04-09 12:28:47', 872463870, 28339320);
insert into Unit (name, hospital, openingDate, phone, head) values ('Psychiatry', 'Deckow-Jenkins', '1976-06-07 01:36:21', 623578369, 33008447);
insert into Unit (name, hospital, openingDate, phone, head) values ('Psychiatry', 'Muller-Schulist', '2020-04-17 10:13:01', 792831023, 30010215);
insert into Unit (name, hospital, openingDate, phone, head) values ('Cardiology', 'Deckow-Jenkins', '2019-07-13 03:12:10', 363869704, 81467203);
insert into Unit (name, hospital, openingDate, phone, head) values ('Urgencies', 'Deckow-Jenkins', '1978-07-11 21:16:40', 800052384, 57952589);
insert into Unit (name, hospital, openingDate, phone, head) values ('Dermatology', 'Morissette, Auer and Hackett', '2000-05-15 01:14:12', 147170909, 90293050);
insert into Unit (name, hospital, openingDate, phone, head) values ('Allergology', 'Morissette, Auer and Hackett', '1985-09-27 04:07:53', 366952470, 44082554);
insert into Unit (name, hospital, openingDate, phone, head) values ('Allergology', 'Muller-Schulist', '2013-10-30 10:41:18', 846557814, 21744097);
insert into Unit (name, hospital, openingDate, phone, head) values ('Obstretics', 'Morissette, Auer and Hackett', '1973-05-11 23:30:05', 842541912, 15623383);
insert into Unit (name, hospital, openingDate, phone, head) values ('Oncology', 'Morissette, Auer and Hackett', '2007-06-28 18:38:36', 963872654, 62421857);
insert into Unit (name, hospital, openingDate, phone, head) values ('Intensive Care', 'Morissette, Auer and Hackett', '1991-03-30 17:31:53', 504149234, 33114157);
insert into Unit (name, hospital, openingDate, phone, head) values ('Radiology', 'Morissette, Auer and Hackett', '1990-12-03 15:47:34', 461930730, 16785706);
insert into Unit (name, hospital, openingDate, phone, head) values ('Urgencies', 'Morissette, Auer and Hackett', '1983-11-22 03:26:39', 458641460, 22730650);
insert into Unit (name, hospital, openingDate, phone, head) values ('Allergology', 'Farrell Group', '1997-01-08 17:01:35', 503591659, 23013972);
insert into Unit (name, hospital, openingDate, phone, head) values ('Allergology', 'Nader-Ryan', '1985-05-28 19:39:22', 820969037, 83804820);
insert into Unit (name, hospital, openingDate, phone, head) values ('Oncology', 'Farrell Group', '2012-08-18 22:20:21', 287182865, 92275267);
insert into Unit (name, hospital, openingDate, phone, head) values ('Dermatology', 'Farrell Group', '1982-09-15 18:40:55', 762901433, 49539395);
insert into Unit (name, hospital, openingDate, phone, head) values ('Internment', 'Farrell Group', '1979-12-10 00:08:02', 915589902, 21014334);
insert into Unit (name, hospital, openingDate, phone, head) values ('Cardiology', 'Farrell Group', '1987-03-21 12:04:25', 778641579, 98318812);
insert into Unit (name, hospital, openingDate, phone, head) values ('Gynecology', 'Muller-Schulist', '1972-05-25 21:44:37', 197962784, 56417746);
insert into Unit (name, hospital, openingDate, phone, head) values ('Neurology', 'Muller-Schulist', '1986-03-05 16:47:45', 502930155, 56665880);

INSERT into Specialty (name, extraSalaryPerYear) values ('Cardiology', 1000);
INSERT into Specialty (name, extraSalaryPerYear) values ('Pediatry', 1000);
INSERT into Specialty (name, extraSalaryPerYear) values ('Neurology', 1000);
INSERT into Specialty (name, extraSalaryPerYear) values ('Obstretics', 1000);
INSERT into Specialty (name, extraSalaryPerYear) values ('Urgencies', 1000);
INSERT into Specialty (name, extraSalaryPerYear) values ('Intensive Care', 1000);
INSERT into Specialty (name, extraSalaryPerYear) values ('Radiology', 1000);
INSERT into Specialty (name, extraSalaryPerYear) values ('Oncology', 1000);
INSERT into Specialty (name, extraSalaryPerYear) values ('General Medicine', 1000);
INSERT into Specialty (name, extraSalaryPerYear) values ('Allergology', 1000);
INSERT into Specialty (name, extraSalaryPerYear) values ('Internment', 1000);
INSERT into Specialty (name, extraSalaryPerYear) values ('Dermatology', 1000);
INSERT into Specialty (name, extraSalaryPerYear) values ('Urology', 1000);
INSERT into Specialty (name, extraSalaryPerYear) values ('Gynecology', 1000);
INSERT into Specialty (name, extraSalaryPerYear) values ('Psychiatry', 1000); 

insert into Nurse (healthProfessionalCC) values (33008447);
insert into Nurse (healthProfessionalCC) values (57952589);
insert into Nurse (healthProfessionalCC) values (23013972);
insert into Nurse (healthProfessionalCC) values (83804820);
insert into Nurse (healthProfessionalCC) values (92275267);
insert into Nurse (healthProfessionalCC) values (56665880);
insert into Nurse (healthProfessionalCC) values (92971884);
insert into Nurse (healthProfessionalCC) values (31930709);
insert into Nurse (healthProfessionalCC) values (17261544);
insert into Nurse (healthProfessionalCC, specialty) values (56417746, 'General Medicine');
insert into Nurse (healthProfessionalCC, specialty) values (49539395, 'Radiology');
insert into Nurse (healthProfessionalCC, specialty) values (17791057, 'Internment');
insert into Nurse (healthProfessionalCC, specialty) values (90293050, 'Cardiology');
insert into Nurse (healthProfessionalCC, specialty) values (77694559, 'Psychiatry');
insert into Nurse (healthProfessionalCC, specialty) values (21744097, 'Urgencies');
insert into Nurse (healthProfessionalCC, specialty) values (62421857, 'Intensive Care');
insert into Nurse (healthProfessionalCC, specialty) values (98318812, 'General Medicine');
insert into Nurse (healthProfessionalCC, specialty) values (81467203, 'Cardiology');
insert into Nurse (healthProfessionalCC, specialty) values (16785706, 'Intensive Care');
insert into Nurse (healthProfessionalCC, specialty) values (22730650, 'Radiology');
insert into Nurse (healthProfessionalCC, specialty) values (15623383, 'Urgencies');
insert into Nurse (healthProfessionalCC, specialty) values (21014334, 'Radiology');
insert into Nurse (healthProfessionalCC, specialty) values (96570562, 'Internment');
insert into Nurse (healthProfessionalCC, specialty) values (30010215, 'Cardiology');
insert into Nurse (healthProfessionalCC, specialty) values (49541323, 'General Medicine');
insert into Nurse (healthProfessionalCC, specialty) values (60058126, 'Psychiatry');
insert into Nurse (healthProfessionalCC, specialty) values (33114157, 'Intensive Care');
insert into Nurse (healthProfessionalCC, specialty) values (44398698, 'Internment');
insert into Nurse (healthProfessionalCC, specialty) values (70087289, 'Psychiatry');
insert into Nurse (healthProfessionalCC, specialty) values (44082554, 'Urgencies');

insert into Doctor (healthProfessionalCC, type) values (78193499, 'intern');
insert into Doctor (healthProfessionalCC, type) values (16643950, 'intern');
insert into Doctor (healthProfessionalCC, type) values (44643933, 'intern');
insert into Doctor (healthProfessionalCC, type, specialty) values (10226927, 'attending', 'Cardiology');
insert into Doctor (healthProfessionalCC, type, specialty) values (32669329, 'resident', 'General Medicine');
insert into Doctor (healthProfessionalCC, type, specialty) values (67258453, 'attending', 'Neurology');
insert into Doctor (healthProfessionalCC, type, specialty) values (97289982, 'resident', 'Radiology');
insert into Doctor (healthProfessionalCC, type, specialty) values (18544378, 'resident', 'Radiology');
insert into Doctor (healthProfessionalCC, type, specialty) values (74733965, 'attending', 'Oncology');
insert into Doctor (healthProfessionalCC, type, specialty) values (35069349, 'attending', 'Urology');
insert into Doctor (healthProfessionalCC, type, specialty) values (64552572, 'resident', 'Dermatology');
insert into Doctor (healthProfessionalCC, type, specialty) values (21619901, 'attending', 'Pediatry');
insert into Doctor (healthProfessionalCC, type, specialty) values (71210599, 'resident', 'Urgencies');
insert into Doctor (healthProfessionalCC, type, specialty) values (57257607, 'resident', 'Obstretics');
insert into Doctor (healthProfessionalCC, type, specialty) values (95862914, 'resident', 'Intensive Care');
insert into Doctor (healthProfessionalCC, type, specialty) values (17404218, 'resident', 'Allergology');
insert into Doctor (healthProfessionalCC, type, specialty) values (91684577, 'attending', 'Internment');
insert into Doctor (healthProfessionalCC, type, specialty) values (80108542, 'resident', 'Gynecology');
insert into Doctor (healthProfessionalCC, type, specialty) values (56497676, 'resident', 'Psychiatry');
insert into Doctor (healthProfessionalCC, type, specialty) values (28339320, 'resident', 'Obstretics');

INSERT INTO Condition (name, gravity) VALUES ('Acne', 'low');
INSERT INTO Condition (name, gravity) VALUES ('Allergies', 'low');
INSERT INTO Condition (name, gravity) VALUES ('Alzheimer''s disease', 'high');
INSERT INTO Condition (name, gravity) VALUES ('Anal cancer', 'high');
INSERT INTO Condition (name, gravity) VALUES ('Appendicitis', 'high');
INSERT INTO Condition (name, gravity) VALUES ('Arthritis', 'medium');
INSERT INTO Condition (name, gravity) VALUES ('Asthma', 'medium');
INSERT INTO Condition (name, gravity) VALUES ('Autistic spectrum disorder', 'high');
INSERT INTO Condition (name, gravity) VALUES ('Bacterial vaginosis', 'high');
INSERT INTO Condition (name, gravity) VALUES ('Bipolar disorder', 'medium');
INSERT INTO Condition (name, gravity) VALUES ('Bladder cancer', 'high');
INSERT INTO Condition (name, gravity) VALUES ('Blood poisoning (sepsis)', 'high');
INSERT INTO Condition (name, gravity) VALUES ('Bone cancer', 'high');
INSERT INTO Condition (name, gravity) VALUES ('Bowel incontinence', 'medium');
INSERT INTO Condition (name, gravity) VALUES ('Brain tumours', 'high');
INSERT INTO Condition (name, gravity) VALUES ('Breast cancer', 'high');
INSERT INTO Condition (name, gravity) VALUES ('Bronchitis', 'low');
INSERT INTO Condition (name, gravity) VALUES ('Bulimia', 'low');
INSERT INTO Condition (name, gravity) VALUES ('Cervical cancer', 'high');
INSERT INTO Condition (name, gravity) VALUES ('Chest infection', 'high');
INSERT INTO Condition (name, gravity) VALUES ('Chickenpox', 'high');
INSERT INTO Condition (name, gravity) VALUES ('Chronic fatigue syndrome', 'low');
INSERT INTO Condition (name, gravity) VALUES ('Cirrhosis', 'high');
INSERT INTO Condition (name, gravity) VALUES ('Common cold', 'low');
INSERT INTO Condition (name, gravity) VALUES ('Congenital heart disease', 'medium');
INSERT INTO Condition (name, gravity) VALUES ('Conjunctivitis', 'medium');
INSERT INTO Condition (name, gravity) VALUES ('Coronavirus (COVID-19)', 'high');
INSERT INTO Condition (name, gravity) VALUES ('Cough', 'low');
INSERT INTO Condition (name, gravity) VALUES ('Crohn''s disease', 'high');
INSERT INTO Condition (name, gravity) VALUES ('Cystic fibrosis', 'high');
INSERT INTO Condition (name, gravity) VALUES ('Cystitis', 'medium');
INSERT INTO Condition (name, gravity) VALUES ('Deep vein thrombosis', 'high');
INSERT INTO Condition (name, gravity) VALUES ('Dementia', 'high');
INSERT INTO Condition (name, gravity) VALUES ('Dental abscess', 'high');
INSERT INTO Condition (name, gravity) VALUES ('Diabetes', 'medium');
INSERT INTO Condition (name, gravity) VALUES ('Down''s syndrome', 'high');
INSERT INTO Condition (name, gravity) VALUES ('Earwax buil-up', 'low');
INSERT INTO Condition (name, gravity) VALUES ('Ebola virus disease', 'high');
INSERT INTO Condition (name, gravity) VALUES ('Epilepsy', 'medium');
INSERT INTO Condition (name, gravity) VALUES ('Erectile dysfunction (impotence)', 'medium');
INSERT INTO Condition (name, gravity) VALUES ('Fibrosis', 'medium');
INSERT INTO Condition (name, gravity) VALUES ('Fibromyalgia', 'medium');
INSERT INTO Condition (name, gravity) VALUES ('Gastro-oesophageal reflux disease (GORD)', 'low');
INSERT INTO Condition (name, gravity) VALUES ('Genital herpes', 'medium');
INSERT INTO Condition (name, gravity) VALUES ('Haemorrhoids', 'medium');
INSERT INTO Condition (name, gravity) VALUES ('Hearing loss', 'medium');
INSERT INTO Condition (name, gravity) VALUES ('Hepatitis A', 'medium');
INSERT INTO Condition (name, gravity) VALUES ('Hepatitis B', 'high');
INSERT INTO Condition (name, gravity) VALUES ('Hepatitis C', 'high');
INSERT INTO Condition (name, gravity) VALUES ('High cholesterol', 'medium');
INSERT INTO Condition (name, gravity) VALUES ('HIV', 'high');
